ObjectClassRo,SubtypeRo,FieldRo,DatasetRo,SubtypeCodeRo,FieldAliasRo,Index,mmFSVisible,mmFSEditable,mmFSAllowNulls,mmFSAllowMassAttributeUpdate,DefaultValueRo
EDGIS.SupportStructure,<None>,OBJECTID,EDGIS.ElectricDataset,-1,Object ID,0,TRUE,FALSE,FALSE,FALSE,
EDGIS.SupportStructure,<None>,LOCALOFFICEID,EDGIS.ElectricDataset,-1,Local Office ID,1,TRUE,TRUE,FALSE,TRUE,
EDGIS.SupportStructure,<None>,SUBTYPECD,EDGIS.ElectricDataset,-1,Subtype,2,TRUE,TRUE,FALSE,FALSE,1
EDGIS.SupportStructure,<None>,STATUS,EDGIS.ElectricDataset,-1,Status,3,TRUE,TRUE,FALSE,TRUE,5
EDGIS.SupportStructure,<None>,INSTALLJOBPREFIX,EDGIS.ElectricDataset,-1,Job Prefix,4,TRUE,TRUE,TRUE,FALSE,PM
EDGIS.SupportStructure,<None>,INSTALLJOBNUMBER,EDGIS.ElectricDataset,-1,Job Number,5,TRUE,TRUE,FALSE,TRUE,0
EDGIS.SupportStructure,<None>,INSTALLJOBYEAR,EDGIS.ElectricDataset,-1,Year Installed,6,TRUE,TRUE,TRUE,FALSE,
EDGIS.SupportStructure,<None>,INSTALLATIONDATE,EDGIS.ElectricDataset,-1,Date Installed,7,TRUE,TRUE,TRUE,TRUE,
EDGIS.SupportStructure,<None>,COMMENTS,EDGIS.ElectricDataset,-1,Comments,8,TRUE,TRUE,TRUE,FALSE,
EDGIS.SupportStructure,<None>,LOCDESC1,EDGIS.ElectricDataset,-1,Location Description 1,9,TRUE,TRUE,TRUE,FALSE,
EDGIS.SupportStructure,<None>,LOCDESC2,EDGIS.ElectricDataset,-1,Location Description 2,10,TRUE,TRUE,TRUE,FALSE,
EDGIS.SupportStructure,<None>,LOCDESC3,EDGIS.ElectricDataset,-1,Location Description 3,11,FALSE,TRUE,TRUE,FALSE,
EDGIS.SupportStructure,<None>,SAPEQUIPID,EDGIS.ElectricDataset,-1,SAP Equipment ID,12,TRUE,FALSE,TRUE,FALSE,
EDGIS.SupportStructure,<None>,GLOBALID,EDGIS.ElectricDataset,-1,Global ID,13,TRUE,FALSE,FALSE,FALSE,
EDGIS.SupportStructure,<None>,REPLACEGUID,EDGIS.ElectricDataset,-1,Replace GUID,14,TRUE,TRUE,TRUE,FALSE,
EDGIS.SupportStructure,<None>,BARCODE,EDGIS.ElectricDataset,-1,Bar Code,15,TRUE,TRUE,TRUE,FALSE,
EDGIS.SupportStructure,<None>,DISTMAP,EDGIS.ElectricDataset,-1,Distribution Map,16,TRUE,TRUE,TRUE,FALSE,
EDGIS.SupportStructure,<None>,CUSTOMEROWNED,EDGIS.ElectricDataset,-1,Customer Owned,17,TRUE,TRUE,FALSE,FALSE,N
EDGIS.SupportStructure,<None>,POLEUSE,EDGIS.ElectricDataset,-1,Pole Use,18,TRUE,TRUE,FALSE,FALSE,
EDGIS.SupportStructure,<None>,POLETYPE,EDGIS.ElectricDataset,-1,Pole Type,19,TRUE,TRUE,TRUE,FALSE,
EDGIS.SupportStructure,<None>,MATERIAL,EDGIS.ElectricDataset,-1,Material,20,TRUE,TRUE,FALSE,FALSE,WOOD
EDGIS.SupportStructure,<None>,HEIGHT,EDGIS.ElectricDataset,-1,Pole Height,21,TRUE,TRUE,TRUE,FALSE,
EDGIS.SupportStructure,<None>,CLASS,EDGIS.ElectricDataset,-1,Pole Class,22,TRUE,TRUE,TRUE,FALSE,
EDGIS.SupportStructure,<None>,JOINTCOUNT,EDGIS.ElectricDataset,-1,Joint Count,23,TRUE,TRUE,FALSE,FALSE,1
EDGIS.SupportStructure,<None>,JP_DISTRICT,EDGIS.ElectricDataset,-1,Joint Pole District,24,FALSE,TRUE,TRUE,FALSE,
EDGIS.SupportStructure,<None>,JPNUMBER,EDGIS.ElectricDataset,-1,Joint Pole Number,25,TRUE,TRUE,TRUE,FALSE,
EDGIS.SupportStructure,<None>,JPSEQUENCE,EDGIS.ElectricDataset,-1,Joint Pole Sequence,26,TRUE,TRUE,TRUE,FALSE,
EDGIS.SupportStructure,<None>,JPAGREEMENTDATE,EDGIS.ElectricDataset,-1,JP Agreement Date,27,TRUE,TRUE,TRUE,FALSE,
EDGIS.SupportStructure,<None>,FOREIGNATTACHIDC,EDGIS.ElectricDataset,-1,Foreign Attachment Indicator,28,TRUE,TRUE,TRUE,FALSE,
EDGIS.SupportStructure,<None>,TRANSMISSIONMILENUMBER,EDGIS.ElectricDataset,-1,Transmission Mile Number,29,TRUE,TRUE,TRUE,FALSE,
EDGIS.SupportStructure,<None>,TRANSMISSIONSTRUCTNUMBER,EDGIS.ElectricDataset,-1,Transmission Structure Number,30,TRUE,TRUE,TRUE,FALSE,
EDGIS.SupportStructure,<None>,POLENUMBER,EDGIS.ElectricDataset,-1,Pole Number,31,FALSE,TRUE,TRUE,FALSE,
EDGIS.SupportStructure,<None>,POLECOUNT,EDGIS.ElectricDataset,-1,Pole Count,32,FALSE,TRUE,TRUE,FALSE,
EDGIS.SupportStructure,<None>,SYMBOLROTATION,EDGIS.ElectricDataset,-1,Symbol Rotation,33,TRUE,TRUE,TRUE,FALSE,
EDGIS.SupportStructure,<None>,MANUFACTURER,EDGIS.ElectricDataset,-1,Manufacturer,34,FALSE,TRUE,TRUE,FALSE,
EDGIS.SupportStructure,<None>,MANUFACTUREDYEAR,EDGIS.ElectricDataset,-1,Manufactured Year,35,FALSE,TRUE,TRUE,FALSE,
EDGIS.SupportStructure,<None>,SPECIES,EDGIS.ElectricDataset,-1,Species,36,FALSE,TRUE,TRUE,FALSE,
EDGIS.SupportStructure,<None>,ACCESSINFO,EDGIS.ElectricDataset,-1,Access Info,37,TRUE,TRUE,TRUE,FALSE,
EDGIS.SupportStructure,<None>,STATEREGAREA,EDGIS.ElectricDataset,-1,State Regulation Area,38,FALSE,TRUE,TRUE,FALSE,
EDGIS.SupportStructure,<None>,URBANRURALCODE,EDGIS.ElectricDataset,-1,Urban Rural Indicator,39,FALSE,TRUE,TRUE,FALSE,
EDGIS.SupportStructure,<None>,MAXVOLTAGELEVEL,EDGIS.ElectricDataset,-1,Maximum Voltage Level,40,FALSE,TRUE,TRUE,FALSE,
EDGIS.SupportStructure,<None>,VC_NUM,EDGIS.ElectricDataset,-1,Vegetation Clearance Number,41,FALSE,TRUE,TRUE,FALSE,
EDGIS.SupportStructure,<None>,ORIGINALCIRCUMFERENCE,EDGIS.ElectricDataset,-1,Original Circumference,42,FALSE,TRUE,TRUE,FALSE,
EDGIS.SupportStructure,<None>,CURRENTCIRCUMFERENCE,EDGIS.ElectricDataset,-1,Current Circumference,43,FALSE,TRUE,TRUE,FALSE,
EDGIS.SupportStructure,<None>,ORIGINALTREATMENTTYPE,EDGIS.ElectricDataset,-1,Original Treatment Type,44,FALSE,TRUE,TRUE,FALSE,
EDGIS.SupportStructure,<None>,EXISTINGREINFORCEMENT,EDGIS.ElectricDataset,-1,Existing Reinforcement,45,FALSE,TRUE,TRUE,FALSE,
EDGIS.SupportStructure,<None>,POLETOPEXTIDC,EDGIS.ElectricDataset,-1,Pole Top Extension Indicator,46,FALSE,TRUE,TRUE,FALSE,
EDGIS.SupportStructure,<None>,GROUNDEDIDC,EDGIS.ElectricDataset,-1,Grounded Indicator,47,FALSE,TRUE,TRUE,FALSE,
EDGIS.SupportStructure,<None>,MAPOFFICE,EDGIS.ElectricDataset,-1,Map Office,48,FALSE,TRUE,TRUE,FALSE,
EDGIS.SupportStructure,<None>,REGION,EDGIS.ElectricDataset,-1,Service Area,49,FALSE,TRUE,TRUE,FALSE,
EDGIS.SupportStructure,<None>,DIVISION,EDGIS.ElectricDataset,-1,Division,50,FALSE,TRUE,TRUE,FALSE,
EDGIS.SupportStructure,<None>,DISTRICT,EDGIS.ElectricDataset,-1,District,51,FALSE,TRUE,TRUE,FALSE,
EDGIS.SupportStructure,<None>,CITY,EDGIS.ElectricDataset,-1,City,52,FALSE,TRUE,TRUE,FALSE,
EDGIS.SupportStructure,<None>,COUNTY,EDGIS.ElectricDataset,-1,County,53,FALSE,TRUE,TRUE,FALSE,
EDGIS.SupportStructure,<None>,ZIP,EDGIS.ElectricDataset,-1,ZIP Code,54,FALSE,TRUE,TRUE,FALSE,
EDGIS.SupportStructure,<None>,GPSLATITUDE,EDGIS.ElectricDataset,-1,Latitude,55,FALSE,TRUE,TRUE,FALSE,
EDGIS.SupportStructure,<None>,GPSLONGITUDE,EDGIS.ElectricDataset,-1,Longitude,56,FALSE,TRUE,TRUE,FALSE,
EDGIS.SupportStructure,<None>,GPSSOURCE,EDGIS.ElectricDataset,-1,GPS Source,57,FALSE,TRUE,TRUE,FALSE,
EDGIS.SupportStructure,<None>,SOURCEACCURACY,EDGIS.ElectricDataset,-1,Source Accuracy,58,FALSE,TRUE,TRUE,FALSE,
EDGIS.SupportStructure,<None>,OTHERMAP,EDGIS.ElectricDataset,-1,Other Map,59,FALSE,TRUE,TRUE,FALSE,
EDGIS.SupportStructure,<None>,FUNCTIONALLOCATIONID,EDGIS.ElectricDataset,-1,Functional Location ID,60,FALSE,FALSE,TRUE,FALSE,
EDGIS.SupportStructure,<None>,CREATIONUSER,EDGIS.ElectricDataset,-1,Creation User,61,TRUE,FALSE,TRUE,FALSE,
EDGIS.SupportStructure,<None>,DATECREATED,EDGIS.ElectricDataset,-1,Date Created,62,TRUE,FALSE,TRUE,FALSE,
EDGIS.SupportStructure,<None>,DATEMODIFIED,EDGIS.ElectricDataset,-1,Date Modified,63,TRUE,FALSE,TRUE,FALSE,
EDGIS.SupportStructure,<None>,LASTUSER,EDGIS.ElectricDataset,-1,Last User,64,TRUE,FALSE,TRUE,FALSE,
EDGIS.SupportStructure,<None>,CEDSAID,EDGIS.ElectricDataset,-1,CEDSA ID,65,FALSE,FALSE,TRUE,FALSE,
EDGIS.SupportStructure,<None>,SYMBOLNUMBER,EDGIS.ElectricDataset,-1,Symbol Number,66,TRUE,FALSE,TRUE,FALSE,
EDGIS.SupportStructure,<None>,RETIREDATE,EDGIS.ElectricDataset,-1,Retire Date,67,FALSE,TRUE,TRUE,FALSE,
EDGIS.SupportStructure,<None>,FOUNDATIONTYPE,EDGIS.ElectricDataset,-1,Foundation Type,68,FALSE,TRUE,TRUE,FALSE,
EDGIS.SupportStructure,<None>,GAUGE,EDGIS.ElectricDataset,-1,Gauge,69,FALSE,TRUE,TRUE,FALSE,
EDGIS.SupportStructure,<None>,PTTDIDC,EDGIS.ElectricDataset,-1,PTTDIDC,70,FALSE,TRUE,TRUE,FALSE,
EDGIS.SupportStructure,<None>,STRUCTURECODE,EDGIS.ElectricDataset,-1,Structure Code,71,FALSE,TRUE,TRUE,FALSE,
EDGIS.SupportStructure,<None>,SERIALNUMBER,EDGIS.ElectricDataset,-1,Serial Number,72,FALSE,TRUE,TRUE,FALSE,
EDGIS.SupportStructure,<None>,LABELTEXT,EDGIS.ElectricDataset,-1,Label Text,73,FALSE,FALSE,TRUE,FALSE,
EDGIS.SupportStructure,<None>,TEMPEQUIPID,EDGIS.ElectricDataset,-1,TEMP Equipment ID,74,FALSE,TRUE,TRUE,FALSE,
EDGIS.SupportStructure,<None>,TECHIDENTNO,EDGIS.ElectricDataset,-1,TECH Identification Number,75,FALSE,TRUE,TRUE,FALSE,
EDGIS.SupportStructure,<None>,CUSTAGREEMENTGUID,EDGIS.ElectricDataset,-1,Customer Agreement GUID,76,FALSE,FALSE,TRUE,FALSE,
EDGIS.SupportStructure,<None>,DEVICEGROUPGUID,EDGIS.ElectricDataset,-1,Device Group GUID,77,FALSE,FALSE,TRUE,FALSE,
EDGIS.SupportStructure,<None>,SMARTMETERNETWORKDEVICEOID,EDGIS.ElectricDataset,-1,Smart Meter Network Device ID,78,FALSE,FALSE,TRUE,FALSE,
EDGIS.SupportStructure,<None>,CONVERSIONID,EDGIS.ElectricDataset,-1,Conversion ID,79,FALSE,FALSE,TRUE,FALSE,
EDGIS.SupportStructure,<None>,CONVERSIONWORKPACKAGE,EDGIS.ElectricDataset,-1,Conversion Work Package,80,FALSE,FALSE,TRUE,FALSE,
EDGIS.SupportStructure,<None>,STRUCTUREGUID,EDGIS.ElectricDataset,-1,Structure GUID,81,FALSE,TRUE,TRUE,FALSE,
EDGIS.SupportStructure,<None>,SHAPE,EDGIS.ElectricDataset,-1,Shape,82,FALSE,TRUE,TRUE,FALSE,
EDGIS.SupportStructure,<None>,METEREDIDC,EDGIS.ElectricDataset,-1,Metered Indicator,83,FALSE,TRUE,TRUE,TRUE,
EDGIS.SupportStructure,Guy Stub,OBJECTID,EDGIS.ElectricDataset,4,Object ID,,TRUE,FALSE,FALSE,FALSE,
EDGIS.SupportStructure,Guy Stub,SUBTYPECD,EDGIS.ElectricDataset,4,Subtype,,TRUE,TRUE,FALSE,FALSE,1
EDGIS.SupportStructure,Guy Stub,STATUS,EDGIS.ElectricDataset,4,Status,,TRUE,TRUE,FALSE,TRUE,
EDGIS.SupportStructure,Guy Stub,LOCALOFFICEID,EDGIS.ElectricDataset,4,Local Office ID,,TRUE,TRUE,FALSE,TRUE,
EDGIS.SupportStructure,Guy Stub,INSTALLJOBPREFIX,EDGIS.ElectricDataset,4,Job Prefix,,TRUE,TRUE,TRUE,FALSE,PM
EDGIS.SupportStructure,Guy Stub,INSTALLJOBNUMBER,EDGIS.ElectricDataset,4,Job Number,,TRUE,TRUE,FALSE,TRUE,
EDGIS.SupportStructure,Guy Stub,CUSTOMEROWNED,EDGIS.ElectricDataset,4,Customer Owned,,TRUE,TRUE,FALSE,FALSE,N
EDGIS.SupportStructure,Guy Stub,POLEUSE,EDGIS.ElectricDataset,4,Pole Use,,TRUE,TRUE,FALSE,FALSE,
EDGIS.SupportStructure,Guy Stub,MATERIAL,EDGIS.ElectricDataset,4,Material,,TRUE,TRUE,FALSE,FALSE,WOOD
EDGIS.SupportStructure,Guy Stub,JOINTCOUNT,EDGIS.ElectricDataset,4,Joint Count,,TRUE,TRUE,FALSE,FALSE,
EDGIS.SupportStructure,Guy Stub,INSTALLJOBYEAR,EDGIS.ElectricDataset,4,Year Installed,,TRUE,TRUE,TRUE,TRUE,
EDGIS.SupportStructure,Guy Stub,INSTALLATIONDATE,EDGIS.ElectricDataset,4,Date Installed,,TRUE,TRUE,TRUE,TRUE,
EDGIS.SupportStructure,Guy Stub,POLECOUNT,EDGIS.ElectricDataset,4,Pole Count,,FALSE,TRUE,TRUE,FALSE,1
EDGIS.SupportStructure,Guy Stub,POLETYPE,EDGIS.ElectricDataset,4,Pole Type,,FALSE,TRUE,TRUE,FALSE,
EDGIS.SupportStructure,Guy Stub,HEIGHT,EDGIS.ElectricDataset,4,Pole Height,,TRUE,TRUE,TRUE,FALSE,
EDGIS.SupportStructure,Guy Stub,CLASS,EDGIS.ElectricDataset,4,Pole Class,,TRUE,TRUE,TRUE,FALSE,
EDGIS.SupportStructure,Guy Stub,MANUFACTURER,EDGIS.ElectricDataset,4,Manufacturer,,FALSE,TRUE,TRUE,FALSE,
EDGIS.SupportStructure,Guy Stub,MANUFACTUREDYEAR,EDGIS.ElectricDataset,4,Manufactured Year,,FALSE,TRUE,TRUE,FALSE,
EDGIS.SupportStructure,Guy Stub,SPECIES,EDGIS.ElectricDataset,4,Species,,FALSE,TRUE,TRUE,FALSE,
EDGIS.SupportStructure,Guy Stub,BARCODE,EDGIS.ElectricDataset,4,Bar Code,,TRUE,TRUE,TRUE,FALSE,
EDGIS.SupportStructure,Guy Stub,POLENUMBER,EDGIS.ElectricDataset,4,Pole Number,,FALSE,TRUE,TRUE,FALSE,
EDGIS.SupportStructure,Guy Stub,FOREIGNATTACHIDC,EDGIS.ElectricDataset,4,Foreign Attachment Indicator,,TRUE,TRUE,TRUE,FALSE,
EDGIS.SupportStructure,Guy Stub,JP_DISTRICT,EDGIS.ElectricDataset,4,Joint Pole District,,FALSE,TRUE,TRUE,FALSE,
EDGIS.SupportStructure,Guy Stub,JPNUMBER,EDGIS.ElectricDataset,4,Joint Pole Number,,TRUE,TRUE,TRUE,FALSE,
EDGIS.SupportStructure,Guy Stub,JPSEQUENCE,EDGIS.ElectricDataset,4,Joint Pole Sequence,,TRUE,TRUE,TRUE,FALSE,
EDGIS.SupportStructure,Guy Stub,JPAGREEMENTDATE,EDGIS.ElectricDataset,4,JP Agreement Date,,TRUE,TRUE,TRUE,FALSE,
EDGIS.SupportStructure,Guy Stub,TRANSMISSIONMILENUMBER,EDGIS.ElectricDataset,4,Transmission Mile Number,,FALSE,TRUE,TRUE,FALSE,
EDGIS.SupportStructure,Guy Stub,TRANSMISSIONSTRUCTNUMBER,EDGIS.ElectricDataset,4,Transmission Structure Number,,FALSE,TRUE,TRUE,FALSE,
EDGIS.SupportStructure,Guy Stub,STATEREGAREA,EDGIS.ElectricDataset,4,State Regulation Area,,FALSE,TRUE,TRUE,FALSE,
EDGIS.SupportStructure,Guy Stub,URBANRURALCODE,EDGIS.ElectricDataset,4,Urban Rural Indicator,,FALSE,TRUE,TRUE,FALSE,
EDGIS.SupportStructure,Guy Stub,MAXVOLTAGELEVEL,EDGIS.ElectricDataset,4,Maximum Voltage Level,,FALSE,TRUE,TRUE,FALSE,
EDGIS.SupportStructure,Guy Stub,VC_NUM,EDGIS.ElectricDataset,4,Vegetation Clearance Number,,FALSE,TRUE,TRUE,FALSE,
EDGIS.SupportStructure,Guy Stub,ORIGINALCIRCUMFERENCE,EDGIS.ElectricDataset,4,Original Circumference,,FALSE,TRUE,TRUE,FALSE,
EDGIS.SupportStructure,Guy Stub,CURRENTCIRCUMFERENCE,EDGIS.ElectricDataset,4,Current Circumference,,FALSE,TRUE,TRUE,FALSE,
EDGIS.SupportStructure,Guy Stub,ORIGINALTREATMENTTYPE,EDGIS.ElectricDataset,4,Original Treatment Type,,FALSE,TRUE,TRUE,FALSE,
EDGIS.SupportStructure,Guy Stub,EXISTINGREINFORCEMENT,EDGIS.ElectricDataset,4,Existing Reinforcement,,FALSE,TRUE,TRUE,FALSE,
EDGIS.SupportStructure,Guy Stub,POLETOPEXTIDC,EDGIS.ElectricDataset,4,Pole Top Extension Indicator,,FALSE,TRUE,TRUE,FALSE,
EDGIS.SupportStructure,Guy Stub,GROUNDEDIDC,EDGIS.ElectricDataset,4,Grounded Indicator,,FALSE,TRUE,TRUE,FALSE,
EDGIS.SupportStructure,Guy Stub,LOCDESC1,EDGIS.ElectricDataset,4,Location Description 1,,TRUE,TRUE,TRUE,FALSE,
EDGIS.SupportStructure,Guy Stub,LOCDESC2,EDGIS.ElectricDataset,4,Location Description 2,,TRUE,TRUE,TRUE,FALSE,
EDGIS.SupportStructure,Guy Stub,LOCDESC3,EDGIS.ElectricDataset,4,Location Description 3,,FALSE,TRUE,TRUE,FALSE,
EDGIS.SupportStructure,Guy Stub,ACCESSINFO,EDGIS.ElectricDataset,4,Access Info,,TRUE,TRUE,TRUE,FALSE,
EDGIS.SupportStructure,Guy Stub,COMMENTS,EDGIS.ElectricDataset,4,Comments,,TRUE,TRUE,TRUE,FALSE,
EDGIS.SupportStructure,Guy Stub,CREATIONUSER,EDGIS.ElectricDataset,4,Creation User,,TRUE,FALSE,TRUE,FALSE,
EDGIS.SupportStructure,Guy Stub,DATECREATED,EDGIS.ElectricDataset,4,Date Created,,TRUE,FALSE,TRUE,FALSE,
EDGIS.SupportStructure,Guy Stub,DATEMODIFIED,EDGIS.ElectricDataset,4,Date Modified,,TRUE,FALSE,TRUE,FALSE,
EDGIS.SupportStructure,Guy Stub,LASTUSER,EDGIS.ElectricDataset,4,Last User,,TRUE,FALSE,TRUE,FALSE,
EDGIS.SupportStructure,Guy Stub,MAPOFFICE,EDGIS.ElectricDataset,4,Map Office,,FALSE,TRUE,TRUE,FALSE,
EDGIS.SupportStructure,Guy Stub,REGION,EDGIS.ElectricDataset,4,Service Area,,FALSE,TRUE,TRUE,FALSE,
EDGIS.SupportStructure,Guy Stub,DIVISION,EDGIS.ElectricDataset,4,Division,,FALSE,TRUE,TRUE,FALSE,
EDGIS.SupportStructure,Guy Stub,DISTRICT,EDGIS.ElectricDataset,4,District,,FALSE,TRUE,TRUE,FALSE,
EDGIS.SupportStructure,Guy Stub,CITY,EDGIS.ElectricDataset,4,City,,FALSE,TRUE,TRUE,FALSE,
EDGIS.SupportStructure,Guy Stub,COUNTY,EDGIS.ElectricDataset,4,County,,FALSE,TRUE,TRUE,FALSE,
EDGIS.SupportStructure,Guy Stub,ZIP,EDGIS.ElectricDataset,4,ZIP Code,,FALSE,TRUE,TRUE,FALSE,
EDGIS.SupportStructure,Guy Stub,GPSLATITUDE,EDGIS.ElectricDataset,4,Latitude,,FALSE,TRUE,TRUE,FALSE,
EDGIS.SupportStructure,Guy Stub,GPSLONGITUDE,EDGIS.ElectricDataset,4,Longitude,,FALSE,TRUE,TRUE,FALSE,
EDGIS.SupportStructure,Guy Stub,GPSSOURCE,EDGIS.ElectricDataset,4,GPS Source,,FALSE,TRUE,TRUE,FALSE,
EDGIS.SupportStructure,Guy Stub,SOURCEACCURACY,EDGIS.ElectricDataset,4,Source Accuracy,,FALSE,TRUE,TRUE,FALSE,
EDGIS.SupportStructure,Guy Stub,SAPEQUIPID,EDGIS.ElectricDataset,4,SAP Equipment ID,,TRUE,FALSE,TRUE,FALSE,
EDGIS.SupportStructure,Guy Stub,CEDSAID,EDGIS.ElectricDataset,4,CEDSA ID,,FALSE,FALSE,TRUE,FALSE,
EDGIS.SupportStructure,Guy Stub,SYMBOLNUMBER,EDGIS.ElectricDataset,4,Symbol Number,,FALSE,FALSE,TRUE,FALSE,
EDGIS.SupportStructure,Guy Stub,SYMBOLROTATION,EDGIS.ElectricDataset,4,Symbol Rotation,,TRUE,TRUE,TRUE,FALSE,
EDGIS.SupportStructure,Guy Stub,DISTMAP,EDGIS.ElectricDataset,4,Distribution Map,,TRUE,TRUE,TRUE,FALSE,
EDGIS.SupportStructure,Guy Stub,OTHERMAP,EDGIS.ElectricDataset,4,Other Map,,FALSE,TRUE,TRUE,FALSE,
EDGIS.SupportStructure,Guy Stub,FUNCTIONALLOCATIONID,EDGIS.ElectricDataset,4,Functional Location ID,,FALSE,FALSE,TRUE,FALSE,
EDGIS.SupportStructure,Guy Stub,RETIREDATE,EDGIS.ElectricDataset,4,Retire Date,,FALSE,TRUE,TRUE,FALSE,
EDGIS.SupportStructure,Guy Stub,FOUNDATIONTYPE,EDGIS.ElectricDataset,4,Foundation Type,,FALSE,TRUE,TRUE,FALSE,
EDGIS.SupportStructure,Guy Stub,GAUGE,EDGIS.ElectricDataset,4,Gauge,,FALSE,TRUE,TRUE,FALSE,
EDGIS.SupportStructure,Guy Stub,PTTDIDC,EDGIS.ElectricDataset,4,PTTDIDC,,FALSE,TRUE,TRUE,FALSE,
EDGIS.SupportStructure,Guy Stub,STRUCTURECODE,EDGIS.ElectricDataset,4,Structure Code,,FALSE,TRUE,TRUE,FALSE,
EDGIS.SupportStructure,Guy Stub,SERIALNUMBER,EDGIS.ElectricDataset,4,Serial Number,,FALSE,TRUE,TRUE,FALSE,
EDGIS.SupportStructure,Guy Stub,LABELTEXT,EDGIS.ElectricDataset,4,Label Text,,FALSE,FALSE,TRUE,FALSE,
EDGIS.SupportStructure,Guy Stub,TEMPEQUIPID,EDGIS.ElectricDataset,4,TEMP Equipment ID,,FALSE,TRUE,TRUE,FALSE,
EDGIS.SupportStructure,Guy Stub,TECHIDENTNO,EDGIS.ElectricDataset,4,TECH Identification Number,,FALSE,TRUE,TRUE,FALSE,
EDGIS.SupportStructure,Guy Stub,CUSTAGREEMENTGUID,EDGIS.ElectricDataset,4,Customer Agreement GUID,,FALSE,FALSE,TRUE,FALSE,
EDGIS.SupportStructure,Guy Stub,DEVICEGROUPGUID,EDGIS.ElectricDataset,4,Device Group GUID,,FALSE,FALSE,TRUE,FALSE,
EDGIS.SupportStructure,Guy Stub,SMARTMETERNETWORKDEVICEOID,EDGIS.ElectricDataset,4,Smart Meter Network Device ID,,FALSE,FALSE,TRUE,FALSE,
EDGIS.SupportStructure,Guy Stub,CONVERSIONID,EDGIS.ElectricDataset,4,Conversion ID,,FALSE,FALSE,TRUE,FALSE,
EDGIS.SupportStructure,Guy Stub,CONVERSIONWORKPACKAGE,EDGIS.ElectricDataset,4,Conversion Work Package,,FALSE,FALSE,TRUE,FALSE,
EDGIS.SupportStructure,Guy Stub,REPLACEGUID,EDGIS.ElectricDataset,4,Replace GUID,,TRUE,TRUE,TRUE,FALSE,
EDGIS.SupportStructure,Guy Stub,STRUCTUREGUID,EDGIS.ElectricDataset,4,Structure GUID,,FALSE,TRUE,TRUE,FALSE,
EDGIS.SupportStructure,Guy Stub,SHAPE,EDGIS.ElectricDataset,4,Shape,,FALSE,TRUE,TRUE,FALSE,
EDGIS.SupportStructure,Guy Stub,GLOBALID,EDGIS.ElectricDataset,4,Global ID,,TRUE,FALSE,FALSE,FALSE,
EDGIS.SupportStructure,Guy Stub,METEREDIDC,EDGIS.ElectricDataset,4,Metered Indicator,,FALSE,TRUE,TRUE,TRUE,
EDGIS.SupportStructure,Other Structure,OBJECTID,EDGIS.ElectricDataset,7,Object ID,,TRUE,FALSE,FALSE,FALSE,
EDGIS.SupportStructure,Other Structure,SUBTYPECD,EDGIS.ElectricDataset,7,Subtype,,TRUE,TRUE,FALSE,FALSE,1
EDGIS.SupportStructure,Other Structure,STATUS,EDGIS.ElectricDataset,7,Status,,TRUE,TRUE,FALSE,TRUE,
EDGIS.SupportStructure,Other Structure,LOCALOFFICEID,EDGIS.ElectricDataset,7,Local Office ID,,TRUE,TRUE,FALSE,TRUE,
EDGIS.SupportStructure,Other Structure,INSTALLJOBPREFIX,EDGIS.ElectricDataset,7,Job Prefix,,TRUE,TRUE,TRUE,FALSE,PM
EDGIS.SupportStructure,Other Structure,INSTALLJOBNUMBER,EDGIS.ElectricDataset,7,Job Number,,TRUE,TRUE,FALSE,TRUE,
EDGIS.SupportStructure,Other Structure,CUSTOMEROWNED,EDGIS.ElectricDataset,7,Customer Owned,,TRUE,TRUE,FALSE,FALSE,N
EDGIS.SupportStructure,Other Structure,POLEUSE,EDGIS.ElectricDataset,7,Pole Use,,TRUE,TRUE,FALSE,FALSE,
EDGIS.SupportStructure,Other Structure,MATERIAL,EDGIS.ElectricDataset,7,Material,,TRUE,TRUE,FALSE,FALSE,WOOD
EDGIS.SupportStructure,Other Structure,JOINTCOUNT,EDGIS.ElectricDataset,7,Joint Count,,TRUE,TRUE,FALSE,FALSE,
EDGIS.SupportStructure,Other Structure,INSTALLJOBYEAR,EDGIS.ElectricDataset,7,Year Installed,,TRUE,TRUE,TRUE,TRUE,
EDGIS.SupportStructure,Other Structure,INSTALLATIONDATE,EDGIS.ElectricDataset,7,Date Installed,,TRUE,TRUE,TRUE,TRUE,
EDGIS.SupportStructure,Other Structure,POLECOUNT,EDGIS.ElectricDataset,7,Pole Count,,FALSE,TRUE,TRUE,FALSE,1
EDGIS.SupportStructure,Other Structure,POLETYPE,EDGIS.ElectricDataset,7,Pole Type,,TRUE,TRUE,TRUE,FALSE,
EDGIS.SupportStructure,Other Structure,HEIGHT,EDGIS.ElectricDataset,7,Pole Height,,TRUE,TRUE,TRUE,FALSE,
EDGIS.SupportStructure,Other Structure,CLASS,EDGIS.ElectricDataset,7,Pole Class,,TRUE,TRUE,TRUE,FALSE,
EDGIS.SupportStructure,Other Structure,MANUFACTURER,EDGIS.ElectricDataset,7,Manufacturer,,FALSE,TRUE,TRUE,FALSE,
EDGIS.SupportStructure,Other Structure,MANUFACTUREDYEAR,EDGIS.ElectricDataset,7,Manufactured Year,,FALSE,TRUE,TRUE,FALSE,
EDGIS.SupportStructure,Other Structure,SPECIES,EDGIS.ElectricDataset,7,Species,,FALSE,TRUE,TRUE,FALSE,
EDGIS.SupportStructure,Other Structure,BARCODE,EDGIS.ElectricDataset,7,Bar Code,,TRUE,TRUE,TRUE,FALSE,
EDGIS.SupportStructure,Other Structure,POLENUMBER,EDGIS.ElectricDataset,7,Pole Number,,FALSE,TRUE,TRUE,FALSE,
EDGIS.SupportStructure,Other Structure,FOREIGNATTACHIDC,EDGIS.ElectricDataset,7,Foreign Attachment Indicator,,TRUE,TRUE,TRUE,FALSE,
EDGIS.SupportStructure,Other Structure,JP_DISTRICT,EDGIS.ElectricDataset,7,Joint Pole District,,FALSE,TRUE,TRUE,FALSE,
EDGIS.SupportStructure,Other Structure,JPNUMBER,EDGIS.ElectricDataset,7,Joint Pole Number,,TRUE,TRUE,TRUE,FALSE,
EDGIS.SupportStructure,Other Structure,JPSEQUENCE,EDGIS.ElectricDataset,7,Joint Pole Sequence,,TRUE,TRUE,TRUE,FALSE,
EDGIS.SupportStructure,Other Structure,JPAGREEMENTDATE,EDGIS.ElectricDataset,7,JP Agreement Date,,TRUE,TRUE,TRUE,FALSE,
EDGIS.SupportStructure,Other Structure,TRANSMISSIONMILENUMBER,EDGIS.ElectricDataset,7,Transmission Mile Number,,FALSE,TRUE,TRUE,FALSE,
EDGIS.SupportStructure,Other Structure,TRANSMISSIONSTRUCTNUMBER,EDGIS.ElectricDataset,7,Transmission Structure Number,,FALSE,TRUE,TRUE,FALSE,
EDGIS.SupportStructure,Other Structure,STATEREGAREA,EDGIS.ElectricDataset,7,State Regulation Area,,FALSE,TRUE,TRUE,FALSE,
EDGIS.SupportStructure,Other Structure,URBANRURALCODE,EDGIS.ElectricDataset,7,Urban Rural Indicator,,FALSE,TRUE,TRUE,FALSE,
EDGIS.SupportStructure,Other Structure,MAXVOLTAGELEVEL,EDGIS.ElectricDataset,7,Maximum Voltage Level,,FALSE,TRUE,TRUE,FALSE,
EDGIS.SupportStructure,Other Structure,VC_NUM,EDGIS.ElectricDataset,7,Vegetation Clearance Number,,FALSE,TRUE,TRUE,FALSE,
EDGIS.SupportStructure,Other Structure,ORIGINALCIRCUMFERENCE,EDGIS.ElectricDataset,7,Original Circumference,,FALSE,TRUE,TRUE,FALSE,
EDGIS.SupportStructure,Other Structure,CURRENTCIRCUMFERENCE,EDGIS.ElectricDataset,7,Current Circumference,,FALSE,TRUE,TRUE,FALSE,
EDGIS.SupportStructure,Other Structure,ORIGINALTREATMENTTYPE,EDGIS.ElectricDataset,7,Original Treatment Type,,FALSE,TRUE,TRUE,FALSE,
EDGIS.SupportStructure,Other Structure,EXISTINGREINFORCEMENT,EDGIS.ElectricDataset,7,Existing Reinforcement,,FALSE,TRUE,TRUE,FALSE,
EDGIS.SupportStructure,Other Structure,POLETOPEXTIDC,EDGIS.ElectricDataset,7,Pole Top Extension Indicator,,FALSE,TRUE,TRUE,FALSE,
EDGIS.SupportStructure,Other Structure,GROUNDEDIDC,EDGIS.ElectricDataset,7,Grounded Indicator,,FALSE,TRUE,TRUE,FALSE,
EDGIS.SupportStructure,Other Structure,LOCDESC1,EDGIS.ElectricDataset,7,Location Description 1,,TRUE,TRUE,TRUE,FALSE,
EDGIS.SupportStructure,Other Structure,LOCDESC2,EDGIS.ElectricDataset,7,Location Description 2,,TRUE,TRUE,TRUE,FALSE,
EDGIS.SupportStructure,Other Structure,LOCDESC3,EDGIS.ElectricDataset,7,Location Description 3,,FALSE,TRUE,TRUE,FALSE,
EDGIS.SupportStructure,Other Structure,ACCESSINFO,EDGIS.ElectricDataset,7,Access Info,,TRUE,TRUE,TRUE,FALSE,
EDGIS.SupportStructure,Other Structure,COMMENTS,EDGIS.ElectricDataset,7,Comments,,TRUE,TRUE,TRUE,FALSE,
EDGIS.SupportStructure,Other Structure,CREATIONUSER,EDGIS.ElectricDataset,7,Creation User,,TRUE,FALSE,TRUE,FALSE,
EDGIS.SupportStructure,Other Structure,DATECREATED,EDGIS.ElectricDataset,7,Date Created,,TRUE,FALSE,TRUE,FALSE,
EDGIS.SupportStructure,Other Structure,DATEMODIFIED,EDGIS.ElectricDataset,7,Date Modified,,TRUE,FALSE,TRUE,FALSE,
EDGIS.SupportStructure,Other Structure,LASTUSER,EDGIS.ElectricDataset,7,Last User,,TRUE,FALSE,TRUE,FALSE,
EDGIS.SupportStructure,Other Structure,MAPOFFICE,EDGIS.ElectricDataset,7,Map Office,,FALSE,TRUE,TRUE,FALSE,
EDGIS.SupportStructure,Other Structure,REGION,EDGIS.ElectricDataset,7,Service Area,,FALSE,TRUE,TRUE,FALSE,
EDGIS.SupportStructure,Other Structure,DIVISION,EDGIS.ElectricDataset,7,Division,,FALSE,TRUE,TRUE,FALSE,
EDGIS.SupportStructure,Other Structure,DISTRICT,EDGIS.ElectricDataset,7,District,,FALSE,TRUE,TRUE,FALSE,
EDGIS.SupportStructure,Other Structure,CITY,EDGIS.ElectricDataset,7,City,,FALSE,TRUE,TRUE,FALSE,
EDGIS.SupportStructure,Other Structure,COUNTY,EDGIS.ElectricDataset,7,County,,FALSE,TRUE,TRUE,FALSE,
EDGIS.SupportStructure,Other Structure,ZIP,EDGIS.ElectricDataset,7,ZIP Code,,FALSE,TRUE,TRUE,FALSE,
EDGIS.SupportStructure,Other Structure,GPSLATITUDE,EDGIS.ElectricDataset,7,Latitude,,FALSE,TRUE,TRUE,FALSE,
EDGIS.SupportStructure,Other Structure,GPSLONGITUDE,EDGIS.ElectricDataset,7,Longitude,,FALSE,TRUE,TRUE,FALSE,
EDGIS.SupportStructure,Other Structure,GPSSOURCE,EDGIS.ElectricDataset,7,GPS Source,,FALSE,TRUE,TRUE,FALSE,
EDGIS.SupportStructure,Other Structure,SOURCEACCURACY,EDGIS.ElectricDataset,7,Source Accuracy,,FALSE,TRUE,TRUE,FALSE,
EDGIS.SupportStructure,Other Structure,SAPEQUIPID,EDGIS.ElectricDataset,7,SAP Equipment ID,,TRUE,FALSE,TRUE,FALSE,
EDGIS.SupportStructure,Other Structure,CEDSAID,EDGIS.ElectricDataset,7,CEDSA ID,,FALSE,FALSE,TRUE,FALSE,
EDGIS.SupportStructure,Other Structure,SYMBOLNUMBER,EDGIS.ElectricDataset,7,Symbol Number,,FALSE,FALSE,TRUE,FALSE,
EDGIS.SupportStructure,Other Structure,SYMBOLROTATION,EDGIS.ElectricDataset,7,Symbol Rotation,,TRUE,TRUE,TRUE,FALSE,
EDGIS.SupportStructure,Other Structure,DISTMAP,EDGIS.ElectricDataset,7,Distribution Map,,TRUE,TRUE,TRUE,FALSE,
EDGIS.SupportStructure,Other Structure,OTHERMAP,EDGIS.ElectricDataset,7,Other Map,,FALSE,TRUE,TRUE,FALSE,
EDGIS.SupportStructure,Other Structure,FUNCTIONALLOCATIONID,EDGIS.ElectricDataset,7,Functional Location ID,,FALSE,FALSE,TRUE,FALSE,
EDGIS.SupportStructure,Other Structure,RETIREDATE,EDGIS.ElectricDataset,7,Retire Date,,FALSE,TRUE,TRUE,FALSE,
EDGIS.SupportStructure,Other Structure,FOUNDATIONTYPE,EDGIS.ElectricDataset,7,Foundation Type,,FALSE,TRUE,TRUE,FALSE,
EDGIS.SupportStructure,Other Structure,GAUGE,EDGIS.ElectricDataset,7,Gauge,,FALSE,TRUE,TRUE,FALSE,
EDGIS.SupportStructure,Other Structure,PTTDIDC,EDGIS.ElectricDataset,7,PTTDIDC,,FALSE,TRUE,TRUE,FALSE,
EDGIS.SupportStructure,Other Structure,STRUCTURECODE,EDGIS.ElectricDataset,7,Structure Code,,FALSE,TRUE,TRUE,FALSE,
EDGIS.SupportStructure,Other Structure,SERIALNUMBER,EDGIS.ElectricDataset,7,Serial Number,,FALSE,TRUE,TRUE,FALSE,
EDGIS.SupportStructure,Other Structure,LABELTEXT,EDGIS.ElectricDataset,7,Label Text,,FALSE,FALSE,TRUE,FALSE,
EDGIS.SupportStructure,Other Structure,TEMPEQUIPID,EDGIS.ElectricDataset,7,TEMP Equipment ID,,FALSE,TRUE,TRUE,FALSE,
EDGIS.SupportStructure,Other Structure,TECHIDENTNO,EDGIS.ElectricDataset,7,TECH Identification Number,,FALSE,TRUE,TRUE,FALSE,
EDGIS.SupportStructure,Other Structure,CUSTAGREEMENTGUID,EDGIS.ElectricDataset,7,Customer Agreement GUID,,FALSE,FALSE,TRUE,FALSE,
EDGIS.SupportStructure,Other Structure,DEVICEGROUPGUID,EDGIS.ElectricDataset,7,Device Group GUID,,FALSE,FALSE,TRUE,FALSE,
EDGIS.SupportStructure,Other Structure,SMARTMETERNETWORKDEVICEOID,EDGIS.ElectricDataset,7,Smart Meter Network Device ID,,FALSE,FALSE,TRUE,FALSE,
EDGIS.SupportStructure,Other Structure,CONVERSIONID,EDGIS.ElectricDataset,7,Conversion ID,,FALSE,FALSE,TRUE,FALSE,
EDGIS.SupportStructure,Other Structure,CONVERSIONWORKPACKAGE,EDGIS.ElectricDataset,7,Conversion Work Package,,FALSE,FALSE,TRUE,FALSE,
EDGIS.SupportStructure,Other Structure,REPLACEGUID,EDGIS.ElectricDataset,7,Replace GUID,,TRUE,TRUE,TRUE,FALSE,
EDGIS.SupportStructure,Other Structure,STRUCTUREGUID,EDGIS.ElectricDataset,7,Structure GUID,,FALSE,TRUE,TRUE,FALSE,
EDGIS.SupportStructure,Other Structure,SHAPE,EDGIS.ElectricDataset,7,Shape,,FALSE,TRUE,TRUE,FALSE,
EDGIS.SupportStructure,Other Structure,GLOBALID,EDGIS.ElectricDataset,7,Global ID,,TRUE,FALSE,FALSE,FALSE,
EDGIS.SupportStructure,Other Structure,METEREDIDC,EDGIS.ElectricDataset,7,Metered Indicator,,FALSE,TRUE,TRUE,TRUE,
EDGIS.SupportStructure,Push Brace,OBJECTID,EDGIS.ElectricDataset,5,Object ID,,TRUE,FALSE,FALSE,FALSE,
EDGIS.SupportStructure,Push Brace,SUBTYPECD,EDGIS.ElectricDataset,5,Subtype,,TRUE,TRUE,FALSE,FALSE,1
EDGIS.SupportStructure,Push Brace,STATUS,EDGIS.ElectricDataset,5,Status,,TRUE,TRUE,FALSE,TRUE,
EDGIS.SupportStructure,Push Brace,LOCALOFFICEID,EDGIS.ElectricDataset,5,Local Office ID,,TRUE,TRUE,FALSE,TRUE,
EDGIS.SupportStructure,Push Brace,INSTALLJOBPREFIX,EDGIS.ElectricDataset,5,Job Prefix,,TRUE,TRUE,TRUE,FALSE,PM
EDGIS.SupportStructure,Push Brace,INSTALLJOBNUMBER,EDGIS.ElectricDataset,5,Job Number,,TRUE,TRUE,FALSE,TRUE,
EDGIS.SupportStructure,Push Brace,CUSTOMEROWNED,EDGIS.ElectricDataset,5,Customer Owned,,TRUE,TRUE,FALSE,FALSE,N
EDGIS.SupportStructure,Push Brace,POLEUSE,EDGIS.ElectricDataset,5,Pole Use,,TRUE,TRUE,FALSE,FALSE,
EDGIS.SupportStructure,Push Brace,MATERIAL,EDGIS.ElectricDataset,5,Material,,TRUE,TRUE,FALSE,FALSE,WOOD
EDGIS.SupportStructure,Push Brace,JOINTCOUNT,EDGIS.ElectricDataset,5,Joint Count,,TRUE,TRUE,FALSE,FALSE,
EDGIS.SupportStructure,Push Brace,INSTALLJOBYEAR,EDGIS.ElectricDataset,5,Year Installed,,TRUE,TRUE,TRUE,TRUE,
EDGIS.SupportStructure,Push Brace,INSTALLATIONDATE,EDGIS.ElectricDataset,5,Date Installed,,TRUE,TRUE,TRUE,TRUE,
EDGIS.SupportStructure,Push Brace,POLECOUNT,EDGIS.ElectricDataset,5,Pole Count,,FALSE,TRUE,TRUE,FALSE,1
EDGIS.SupportStructure,Push Brace,POLETYPE,EDGIS.ElectricDataset,5,Pole Type,,TRUE,TRUE,TRUE,FALSE,
EDGIS.SupportStructure,Push Brace,HEIGHT,EDGIS.ElectricDataset,5,Pole Height,,TRUE,TRUE,TRUE,FALSE,
EDGIS.SupportStructure,Push Brace,CLASS,EDGIS.ElectricDataset,5,Pole Class,,TRUE,TRUE,TRUE,FALSE,
EDGIS.SupportStructure,Push Brace,MANUFACTURER,EDGIS.ElectricDataset,5,Manufacturer,,FALSE,TRUE,TRUE,FALSE,
EDGIS.SupportStructure,Push Brace,MANUFACTUREDYEAR,EDGIS.ElectricDataset,5,Manufactured Year,,FALSE,TRUE,TRUE,FALSE,
EDGIS.SupportStructure,Push Brace,SPECIES,EDGIS.ElectricDataset,5,Species,,FALSE,TRUE,TRUE,FALSE,
EDGIS.SupportStructure,Push Brace,BARCODE,EDGIS.ElectricDataset,5,Bar Code,,TRUE,TRUE,TRUE,FALSE,
EDGIS.SupportStructure,Push Brace,POLENUMBER,EDGIS.ElectricDataset,5,Pole Number,,FALSE,TRUE,TRUE,FALSE,
EDGIS.SupportStructure,Push Brace,FOREIGNATTACHIDC,EDGIS.ElectricDataset,5,Foreign Attachment Indicator,,TRUE,TRUE,TRUE,FALSE,
EDGIS.SupportStructure,Push Brace,JP_DISTRICT,EDGIS.ElectricDataset,5,Joint Pole District,,FALSE,TRUE,TRUE,FALSE,
EDGIS.SupportStructure,Push Brace,JPNUMBER,EDGIS.ElectricDataset,5,Joint Pole Number,,TRUE,TRUE,TRUE,FALSE,
EDGIS.SupportStructure,Push Brace,JPSEQUENCE,EDGIS.ElectricDataset,5,Joint Pole Sequence,,TRUE,TRUE,TRUE,FALSE,
EDGIS.SupportStructure,Push Brace,JPAGREEMENTDATE,EDGIS.ElectricDataset,5,JP Agreement Date,,TRUE,TRUE,TRUE,FALSE,
EDGIS.SupportStructure,Push Brace,TRANSMISSIONMILENUMBER,EDGIS.ElectricDataset,5,Transmission Mile Number,,TRUE,TRUE,TRUE,FALSE,
EDGIS.SupportStructure,Push Brace,TRANSMISSIONSTRUCTNUMBER,EDGIS.ElectricDataset,5,Transmission Structure Number,,TRUE,TRUE,TRUE,FALSE,
EDGIS.SupportStructure,Push Brace,STATEREGAREA,EDGIS.ElectricDataset,5,State Regulation Area,,FALSE,TRUE,TRUE,FALSE,
EDGIS.SupportStructure,Push Brace,URBANRURALCODE,EDGIS.ElectricDataset,5,Urban Rural Indicator,,FALSE,TRUE,TRUE,FALSE,
EDGIS.SupportStructure,Push Brace,MAXVOLTAGELEVEL,EDGIS.ElectricDataset,5,Maximum Voltage Level,,FALSE,TRUE,TRUE,FALSE,
EDGIS.SupportStructure,Push Brace,VC_NUM,EDGIS.ElectricDataset,5,Vegetation Clearance Number,,FALSE,TRUE,TRUE,FALSE,
EDGIS.SupportStructure,Push Brace,ORIGINALCIRCUMFERENCE,EDGIS.ElectricDataset,5,Original Circumference,,FALSE,TRUE,TRUE,FALSE,
EDGIS.SupportStructure,Push Brace,CURRENTCIRCUMFERENCE,EDGIS.ElectricDataset,5,Current Circumference,,FALSE,TRUE,TRUE,FALSE,
EDGIS.SupportStructure,Push Brace,ORIGINALTREATMENTTYPE,EDGIS.ElectricDataset,5,Original Treatment Type,,FALSE,TRUE,TRUE,FALSE,
EDGIS.SupportStructure,Push Brace,EXISTINGREINFORCEMENT,EDGIS.ElectricDataset,5,Existing Reinforcement,,FALSE,TRUE,TRUE,FALSE,
EDGIS.SupportStructure,Push Brace,POLETOPEXTIDC,EDGIS.ElectricDataset,5,Pole Top Extension Indicator,,FALSE,TRUE,TRUE,FALSE,
EDGIS.SupportStructure,Push Brace,GROUNDEDIDC,EDGIS.ElectricDataset,5,Grounded Indicator,,FALSE,TRUE,TRUE,FALSE,
EDGIS.SupportStructure,Push Brace,LOCDESC1,EDGIS.ElectricDataset,5,Location Description 1,,TRUE,TRUE,TRUE,FALSE,
EDGIS.SupportStructure,Push Brace,LOCDESC2,EDGIS.ElectricDataset,5,Location Description 2,,TRUE,TRUE,TRUE,FALSE,
EDGIS.SupportStructure,Push Brace,LOCDESC3,EDGIS.ElectricDataset,5,Location Description 3,,FALSE,TRUE,TRUE,FALSE,
EDGIS.SupportStructure,Push Brace,ACCESSINFO,EDGIS.ElectricDataset,5,Access Info,,TRUE,TRUE,TRUE,FALSE,
EDGIS.SupportStructure,Push Brace,COMMENTS,EDGIS.ElectricDataset,5,Comments,,TRUE,TRUE,TRUE,FALSE,
EDGIS.SupportStructure,Push Brace,CREATIONUSER,EDGIS.ElectricDataset,5,Creation User,,TRUE,FALSE,TRUE,FALSE,
EDGIS.SupportStructure,Push Brace,DATECREATED,EDGIS.ElectricDataset,5,Date Created,,TRUE,FALSE,TRUE,FALSE,
EDGIS.SupportStructure,Push Brace,DATEMODIFIED,EDGIS.ElectricDataset,5,Date Modified,,TRUE,FALSE,TRUE,FALSE,
EDGIS.SupportStructure,Push Brace,LASTUSER,EDGIS.ElectricDataset,5,Last User,,TRUE,FALSE,TRUE,FALSE,
EDGIS.SupportStructure,Push Brace,MAPOFFICE,EDGIS.ElectricDataset,5,Map Office,,FALSE,TRUE,TRUE,FALSE,
EDGIS.SupportStructure,Push Brace,REGION,EDGIS.ElectricDataset,5,Service Area,,FALSE,TRUE,TRUE,FALSE,
EDGIS.SupportStructure,Push Brace,DIVISION,EDGIS.ElectricDataset,5,Division,,FALSE,TRUE,TRUE,FALSE,
EDGIS.SupportStructure,Push Brace,DISTRICT,EDGIS.ElectricDataset,5,District,,FALSE,TRUE,TRUE,FALSE,
EDGIS.SupportStructure,Push Brace,CITY,EDGIS.ElectricDataset,5,City,,FALSE,TRUE,TRUE,FALSE,
EDGIS.SupportStructure,Push Brace,COUNTY,EDGIS.ElectricDataset,5,County,,FALSE,TRUE,TRUE,FALSE,
EDGIS.SupportStructure,Push Brace,ZIP,EDGIS.ElectricDataset,5,ZIP Code,,FALSE,TRUE,TRUE,FALSE,
EDGIS.SupportStructure,Push Brace,GPSLATITUDE,EDGIS.ElectricDataset,5,Latitude,,FALSE,TRUE,TRUE,FALSE,
EDGIS.SupportStructure,Push Brace,GPSLONGITUDE,EDGIS.ElectricDataset,5,Longitude,,FALSE,TRUE,TRUE,FALSE,
EDGIS.SupportStructure,Push Brace,GPSSOURCE,EDGIS.ElectricDataset,5,GPS Source,,FALSE,TRUE,TRUE,FALSE,
EDGIS.SupportStructure,Push Brace,SOURCEACCURACY,EDGIS.ElectricDataset,5,Source Accuracy,,FALSE,TRUE,TRUE,FALSE,
EDGIS.SupportStructure,Push Brace,SAPEQUIPID,EDGIS.ElectricDataset,5,SAP Equipment ID,,TRUE,FALSE,TRUE,FALSE,
EDGIS.SupportStructure,Push Brace,CEDSAID,EDGIS.ElectricDataset,5,CEDSA ID,,FALSE,FALSE,TRUE,FALSE,
EDGIS.SupportStructure,Push Brace,SYMBOLNUMBER,EDGIS.ElectricDataset,5,Symbol Number,,FALSE,FALSE,TRUE,FALSE,
EDGIS.SupportStructure,Push Brace,SYMBOLROTATION,EDGIS.ElectricDataset,5,Symbol Rotation,,TRUE,TRUE,TRUE,FALSE,
EDGIS.SupportStructure,Push Brace,DISTMAP,EDGIS.ElectricDataset,5,Distribution Map,,TRUE,TRUE,TRUE,FALSE,
EDGIS.SupportStructure,Push Brace,OTHERMAP,EDGIS.ElectricDataset,5,Other Map,,FALSE,TRUE,TRUE,FALSE,
EDGIS.SupportStructure,Push Brace,FUNCTIONALLOCATIONID,EDGIS.ElectricDataset,5,Functional Location ID,,FALSE,FALSE,TRUE,FALSE,
EDGIS.SupportStructure,Push Brace,RETIREDATE,EDGIS.ElectricDataset,5,Retire Date,,FALSE,TRUE,TRUE,FALSE,
EDGIS.SupportStructure,Push Brace,FOUNDATIONTYPE,EDGIS.ElectricDataset,5,Foundation Type,,FALSE,TRUE,TRUE,FALSE,
EDGIS.SupportStructure,Push Brace,GAUGE,EDGIS.ElectricDataset,5,Gauge,,FALSE,TRUE,TRUE,FALSE,
EDGIS.SupportStructure,Push Brace,PTTDIDC,EDGIS.ElectricDataset,5,PTTDIDC,,FALSE,TRUE,TRUE,FALSE,
EDGIS.SupportStructure,Push Brace,STRUCTURECODE,EDGIS.ElectricDataset,5,Structure Code,,FALSE,TRUE,TRUE,FALSE,
EDGIS.SupportStructure,Push Brace,SERIALNUMBER,EDGIS.ElectricDataset,5,Serial Number,,FALSE,TRUE,TRUE,FALSE,
EDGIS.SupportStructure,Push Brace,LABELTEXT,EDGIS.ElectricDataset,5,Label Text,,FALSE,FALSE,TRUE,FALSE,
EDGIS.SupportStructure,Push Brace,TEMPEQUIPID,EDGIS.ElectricDataset,5,TEMP Equipment ID,,FALSE,TRUE,TRUE,FALSE,
EDGIS.SupportStructure,Push Brace,TECHIDENTNO,EDGIS.ElectricDataset,5,TECH Identification Number,,FALSE,TRUE,TRUE,FALSE,
EDGIS.SupportStructure,Push Brace,CUSTAGREEMENTGUID,EDGIS.ElectricDataset,5,Customer Agreement GUID,,FALSE,FALSE,TRUE,FALSE,
EDGIS.SupportStructure,Push Brace,DEVICEGROUPGUID,EDGIS.ElectricDataset,5,Device Group GUID,,FALSE,FALSE,TRUE,FALSE,
EDGIS.SupportStructure,Push Brace,SMARTMETERNETWORKDEVICEOID,EDGIS.ElectricDataset,5,Smart Meter Network Device ID,,FALSE,FALSE,TRUE,FALSE,
EDGIS.SupportStructure,Push Brace,CONVERSIONID,EDGIS.ElectricDataset,5,Conversion ID,,FALSE,FALSE,TRUE,FALSE,
EDGIS.SupportStructure,Push Brace,CONVERSIONWORKPACKAGE,EDGIS.ElectricDataset,5,Conversion Work Package,,FALSE,FALSE,TRUE,FALSE,
EDGIS.SupportStructure,Push Brace,REPLACEGUID,EDGIS.ElectricDataset,5,Replace GUID,,TRUE,TRUE,TRUE,FALSE,
EDGIS.SupportStructure,Push Brace,STRUCTUREGUID,EDGIS.ElectricDataset,5,Structure GUID,,FALSE,TRUE,TRUE,FALSE,
EDGIS.SupportStructure,Push Brace,SHAPE,EDGIS.ElectricDataset,5,Shape,,FALSE,TRUE,TRUE,FALSE,
EDGIS.SupportStructure,Push Brace,GLOBALID,EDGIS.ElectricDataset,5,Global ID,,TRUE,FALSE,FALSE,FALSE,
EDGIS.SupportStructure,Push Brace,METEREDIDC,EDGIS.ElectricDataset,5,Metered Indicator,,FALSE,TRUE,TRUE,TRUE,
EDGIS.SupportStructure,Pole,OBJECTID,EDGIS.ElectricDataset,1,Object ID,,TRUE,FALSE,FALSE,FALSE,
EDGIS.SupportStructure,Pole,SUBTYPECD,EDGIS.ElectricDataset,1,Subtype,,TRUE,TRUE,FALSE,FALSE,1
EDGIS.SupportStructure,Pole,STATUS,EDGIS.ElectricDataset,1,Status,,TRUE,TRUE,FALSE,TRUE,
EDGIS.SupportStructure,Pole,LOCALOFFICEID,EDGIS.ElectricDataset,1,Local Office ID,,TRUE,TRUE,FALSE,TRUE,
EDGIS.SupportStructure,Pole,INSTALLJOBPREFIX,EDGIS.ElectricDataset,1,Job Prefix,,TRUE,TRUE,TRUE,FALSE,PM
EDGIS.SupportStructure,Pole,INSTALLJOBNUMBER,EDGIS.ElectricDataset,1,Job Number,,TRUE,TRUE,FALSE,TRUE,
EDGIS.SupportStructure,Pole,CUSTOMEROWNED,EDGIS.ElectricDataset,1,Customer Owned,,TRUE,TRUE,FALSE,FALSE,N
EDGIS.SupportStructure,Pole,POLEUSE,EDGIS.ElectricDataset,1,Pole Use,,TRUE,TRUE,FALSE,FALSE,
EDGIS.SupportStructure,Pole,MATERIAL,EDGIS.ElectricDataset,1,Material,,TRUE,TRUE,FALSE,FALSE,WOOD
EDGIS.SupportStructure,Pole,JOINTCOUNT,EDGIS.ElectricDataset,1,Joint Count,,TRUE,TRUE,FALSE,FALSE,
EDGIS.SupportStructure,Pole,INSTALLJOBYEAR,EDGIS.ElectricDataset,1,Year Installed,,TRUE,TRUE,TRUE,TRUE,
EDGIS.SupportStructure,Pole,INSTALLATIONDATE,EDGIS.ElectricDataset,1,Date Installed,,TRUE,TRUE,TRUE,TRUE,
EDGIS.SupportStructure,Pole,POLECOUNT,EDGIS.ElectricDataset,1,Pole Count,,FALSE,TRUE,TRUE,FALSE,
EDGIS.SupportStructure,Pole,POLETYPE,EDGIS.ElectricDataset,1,Pole Type,,TRUE,TRUE,TRUE,FALSE,
EDGIS.SupportStructure,Pole,HEIGHT,EDGIS.ElectricDataset,1,Pole Height,,TRUE,TRUE,TRUE,FALSE,
EDGIS.SupportStructure,Pole,CLASS,EDGIS.ElectricDataset,1,Pole Class,,TRUE,TRUE,TRUE,FALSE,
EDGIS.SupportStructure,Pole,MANUFACTURER,EDGIS.ElectricDataset,1,Manufacturer,,FALSE,TRUE,TRUE,FALSE,
EDGIS.SupportStructure,Pole,MANUFACTUREDYEAR,EDGIS.ElectricDataset,1,Manufactured Year,,FALSE,TRUE,TRUE,FALSE,
EDGIS.SupportStructure,Pole,SPECIES,EDGIS.ElectricDataset,1,Species,,FALSE,TRUE,TRUE,FALSE,
EDGIS.SupportStructure,Pole,BARCODE,EDGIS.ElectricDataset,1,Bar Code,,TRUE,TRUE,TRUE,FALSE,
EDGIS.SupportStructure,Pole,POLENUMBER,EDGIS.ElectricDataset,1,Pole Number,,FALSE,TRUE,TRUE,FALSE,
EDGIS.SupportStructure,Pole,FOREIGNATTACHIDC,EDGIS.ElectricDataset,1,Foreign Attachment Indicator,,TRUE,TRUE,TRUE,FALSE,
EDGIS.SupportStructure,Pole,JP_DISTRICT,EDGIS.ElectricDataset,1,Joint Pole District,,FALSE,TRUE,TRUE,FALSE,
EDGIS.SupportStructure,Pole,JPNUMBER,EDGIS.ElectricDataset,1,Joint Pole Number,,TRUE,TRUE,TRUE,FALSE,
EDGIS.SupportStructure,Pole,JPSEQUENCE,EDGIS.ElectricDataset,1,Joint Pole Sequence,,TRUE,TRUE,TRUE,FALSE,
EDGIS.SupportStructure,Pole,JPAGREEMENTDATE,EDGIS.ElectricDataset,1,JP Agreement Date,,TRUE,TRUE,TRUE,FALSE,
EDGIS.SupportStructure,Pole,TRANSMISSIONMILENUMBER,EDGIS.ElectricDataset,1,Transmission Mile Number,,TRUE,TRUE,TRUE,FALSE,
EDGIS.SupportStructure,Pole,TRANSMISSIONSTRUCTNUMBER,EDGIS.ElectricDataset,1,Transmission Structure Number,,TRUE,TRUE,TRUE,FALSE,
EDGIS.SupportStructure,Pole,STATEREGAREA,EDGIS.ElectricDataset,1,State Regulation Area,,FALSE,TRUE,TRUE,FALSE,
EDGIS.SupportStructure,Pole,URBANRURALCODE,EDGIS.ElectricDataset,1,Urban Rural Indicator,,FALSE,TRUE,TRUE,FALSE,
EDGIS.SupportStructure,Pole,MAXVOLTAGELEVEL,EDGIS.ElectricDataset,1,Maximum Voltage Level,,FALSE,TRUE,TRUE,FALSE,
EDGIS.SupportStructure,Pole,VC_NUM,EDGIS.ElectricDataset,1,Vegetation Clearance Number,,FALSE,TRUE,TRUE,FALSE,
EDGIS.SupportStructure,Pole,ORIGINALCIRCUMFERENCE,EDGIS.ElectricDataset,1,Original Circumference,,FALSE,TRUE,TRUE,FALSE,
EDGIS.SupportStructure,Pole,CURRENTCIRCUMFERENCE,EDGIS.ElectricDataset,1,Current Circumference,,FALSE,TRUE,TRUE,FALSE,
EDGIS.SupportStructure,Pole,ORIGINALTREATMENTTYPE,EDGIS.ElectricDataset,1,Original Treatment Type,,FALSE,TRUE,TRUE,FALSE,
EDGIS.SupportStructure,Pole,EXISTINGREINFORCEMENT,EDGIS.ElectricDataset,1,Existing Reinforcement,,FALSE,TRUE,TRUE,FALSE,
EDGIS.SupportStructure,Pole,POLETOPEXTIDC,EDGIS.ElectricDataset,1,Pole Top Extension Indicator,,FALSE,TRUE,TRUE,FALSE,
EDGIS.SupportStructure,Pole,GROUNDEDIDC,EDGIS.ElectricDataset,1,Grounded Indicator,,FALSE,TRUE,TRUE,FALSE,
EDGIS.SupportStructure,Pole,LOCDESC1,EDGIS.ElectricDataset,1,Location Description 1,,TRUE,TRUE,TRUE,FALSE,
EDGIS.SupportStructure,Pole,LOCDESC2,EDGIS.ElectricDataset,1,Location Description 2,,TRUE,TRUE,TRUE,FALSE,
EDGIS.SupportStructure,Pole,LOCDESC3,EDGIS.ElectricDataset,1,Location Description 3,,FALSE,TRUE,TRUE,FALSE,
EDGIS.SupportStructure,Pole,ACCESSINFO,EDGIS.ElectricDataset,1,Access Info,,TRUE,TRUE,TRUE,FALSE,
EDGIS.SupportStructure,Pole,COMMENTS,EDGIS.ElectricDataset,1,Comments,,TRUE,TRUE,TRUE,FALSE,
EDGIS.SupportStructure,Pole,CREATIONUSER,EDGIS.ElectricDataset,1,Creation User,,TRUE,FALSE,TRUE,FALSE,
EDGIS.SupportStructure,Pole,DATECREATED,EDGIS.ElectricDataset,1,Date Created,,TRUE,FALSE,TRUE,FALSE,
EDGIS.SupportStructure,Pole,DATEMODIFIED,EDGIS.ElectricDataset,1,Date Modified,,TRUE,FALSE,TRUE,FALSE,
EDGIS.SupportStructure,Pole,LASTUSER,EDGIS.ElectricDataset,1,Last User,,TRUE,FALSE,TRUE,FALSE,
EDGIS.SupportStructure,Pole,MAPOFFICE,EDGIS.ElectricDataset,1,Map Office,,FALSE,TRUE,TRUE,FALSE,
EDGIS.SupportStructure,Pole,REGION,EDGIS.ElectricDataset,1,Service Area,,FALSE,TRUE,TRUE,FALSE,
EDGIS.SupportStructure,Pole,DIVISION,EDGIS.ElectricDataset,1,Division,,FALSE,TRUE,TRUE,FALSE,
EDGIS.SupportStructure,Pole,DISTRICT,EDGIS.ElectricDataset,1,District,,FALSE,TRUE,TRUE,FALSE,
EDGIS.SupportStructure,Pole,CITY,EDGIS.ElectricDataset,1,City,,FALSE,TRUE,TRUE,FALSE,
EDGIS.SupportStructure,Pole,COUNTY,EDGIS.ElectricDataset,1,County,,FALSE,TRUE,TRUE,FALSE,
EDGIS.SupportStructure,Pole,ZIP,EDGIS.ElectricDataset,1,ZIP Code,,FALSE,TRUE,TRUE,FALSE,
EDGIS.SupportStructure,Pole,GPSLATITUDE,EDGIS.ElectricDataset,1,Latitude,,FALSE,TRUE,TRUE,FALSE,
EDGIS.SupportStructure,Pole,GPSLONGITUDE,EDGIS.ElectricDataset,1,Longitude,,FALSE,TRUE,TRUE,FALSE,
EDGIS.SupportStructure,Pole,GPSSOURCE,EDGIS.ElectricDataset,1,GPS Source,,FALSE,TRUE,TRUE,FALSE,
EDGIS.SupportStructure,Pole,SOURCEACCURACY,EDGIS.ElectricDataset,1,Source Accuracy,,FALSE,TRUE,TRUE,FALSE,
EDGIS.SupportStructure,Pole,SAPEQUIPID,EDGIS.ElectricDataset,1,SAP Equipment ID,,TRUE,FALSE,TRUE,FALSE,
EDGIS.SupportStructure,Pole,CEDSAID,EDGIS.ElectricDataset,1,CEDSA ID,,FALSE,FALSE,TRUE,FALSE,
EDGIS.SupportStructure,Pole,SYMBOLNUMBER,EDGIS.ElectricDataset,1,Symbol Number,,FALSE,FALSE,TRUE,FALSE,
EDGIS.SupportStructure,Pole,SYMBOLROTATION,EDGIS.ElectricDataset,1,Symbol Rotation,,TRUE,TRUE,TRUE,FALSE,
EDGIS.SupportStructure,Pole,DISTMAP,EDGIS.ElectricDataset,1,Distribution Map,,TRUE,TRUE,TRUE,FALSE,
EDGIS.SupportStructure,Pole,OTHERMAP,EDGIS.ElectricDataset,1,Other Map,,FALSE,TRUE,TRUE,FALSE,
EDGIS.SupportStructure,Pole,FUNCTIONALLOCATIONID,EDGIS.ElectricDataset,1,Functional Location ID,,FALSE,FALSE,TRUE,FALSE,
EDGIS.SupportStructure,Pole,RETIREDATE,EDGIS.ElectricDataset,1,Retire Date,,FALSE,TRUE,TRUE,FALSE,
EDGIS.SupportStructure,Pole,FOUNDATIONTYPE,EDGIS.ElectricDataset,1,Foundation Type,,FALSE,TRUE,TRUE,FALSE,
EDGIS.SupportStructure,Pole,GAUGE,EDGIS.ElectricDataset,1,Gauge,,FALSE,TRUE,TRUE,FALSE,
EDGIS.SupportStructure,Pole,PTTDIDC,EDGIS.ElectricDataset,1,PTTDIDC,,FALSE,TRUE,TRUE,FALSE,
EDGIS.SupportStructure,Pole,STRUCTURECODE,EDGIS.ElectricDataset,1,Structure Code,,FALSE,TRUE,TRUE,FALSE,
EDGIS.SupportStructure,Pole,SERIALNUMBER,EDGIS.ElectricDataset,1,Serial Number,,FALSE,TRUE,TRUE,FALSE,
EDGIS.SupportStructure,Pole,LABELTEXT,EDGIS.ElectricDataset,1,Label Text,,FALSE,FALSE,TRUE,FALSE,
EDGIS.SupportStructure,Pole,TEMPEQUIPID,EDGIS.ElectricDataset,1,TEMP Equipment ID,,FALSE,TRUE,TRUE,FALSE,
EDGIS.SupportStructure,Pole,TECHIDENTNO,EDGIS.ElectricDataset,1,TECH Identification Number,,FALSE,TRUE,TRUE,FALSE,
EDGIS.SupportStructure,Pole,CUSTAGREEMENTGUID,EDGIS.ElectricDataset,1,Customer Agreement GUID,,FALSE,FALSE,TRUE,FALSE,
EDGIS.SupportStructure,Pole,DEVICEGROUPGUID,EDGIS.ElectricDataset,1,Device Group GUID,,FALSE,FALSE,TRUE,FALSE,
EDGIS.SupportStructure,Pole,SMARTMETERNETWORKDEVICEOID,EDGIS.ElectricDataset,1,Smart Meter Network Device ID,,FALSE,FALSE,TRUE,FALSE,
EDGIS.SupportStructure,Pole,CONVERSIONID,EDGIS.ElectricDataset,1,Conversion ID,,FALSE,FALSE,TRUE,FALSE,
EDGIS.SupportStructure,Pole,CONVERSIONWORKPACKAGE,EDGIS.ElectricDataset,1,Conversion Work Package,,FALSE,FALSE,TRUE,FALSE,
EDGIS.SupportStructure,Pole,REPLACEGUID,EDGIS.ElectricDataset,1,Replace GUID,,TRUE,TRUE,TRUE,FALSE,
EDGIS.SupportStructure,Pole,STRUCTUREGUID,EDGIS.ElectricDataset,1,Structure GUID,,FALSE,TRUE,TRUE,FALSE,
EDGIS.SupportStructure,Pole,SHAPE,EDGIS.ElectricDataset,1,Shape,,FALSE,TRUE,TRUE,FALSE,
EDGIS.SupportStructure,Pole,GLOBALID,EDGIS.ElectricDataset,1,Global ID,,TRUE,FALSE,FALSE,FALSE,
EDGIS.SupportStructure,Pole,METEREDIDC,EDGIS.ElectricDataset,1,Metered Indicator,,FALSE,TRUE,TRUE,TRUE,
EDGIS.SupportStructure,Tree,OBJECTID,EDGIS.ElectricDataset,6,Object ID,,TRUE,FALSE,FALSE,FALSE,
EDGIS.SupportStructure,Tree,SUBTYPECD,EDGIS.ElectricDataset,6,Subtype,,TRUE,TRUE,FALSE,FALSE,1
EDGIS.SupportStructure,Tree,STATUS,EDGIS.ElectricDataset,6,Status,,TRUE,TRUE,FALSE,TRUE,
EDGIS.SupportStructure,Tree,LOCALOFFICEID,EDGIS.ElectricDataset,6,Local Office ID,,TRUE,TRUE,FALSE,TRUE,
EDGIS.SupportStructure,Tree,INSTALLJOBPREFIX,EDGIS.ElectricDataset,6,Job Prefix,,TRUE,TRUE,TRUE,FALSE,PM
EDGIS.SupportStructure,Tree,INSTALLJOBNUMBER,EDGIS.ElectricDataset,6,Job Number,,TRUE,TRUE,FALSE,TRUE,
EDGIS.SupportStructure,Tree,CUSTOMEROWNED,EDGIS.ElectricDataset,6,Customer Owned,,TRUE,TRUE,FALSE,FALSE,N
EDGIS.SupportStructure,Tree,POLEUSE,EDGIS.ElectricDataset,6,Pole Use,,TRUE,TRUE,FALSE,FALSE,
EDGIS.SupportStructure,Tree,MATERIAL,EDGIS.ElectricDataset,6,Material,,TRUE,TRUE,FALSE,FALSE,WOOD
EDGIS.SupportStructure,Tree,JOINTCOUNT,EDGIS.ElectricDataset,6,Joint Count,,TRUE,TRUE,FALSE,FALSE,
EDGIS.SupportStructure,Tree,INSTALLJOBYEAR,EDGIS.ElectricDataset,6,Year Installed,,TRUE,TRUE,TRUE,TRUE,
EDGIS.SupportStructure,Tree,INSTALLATIONDATE,EDGIS.ElectricDataset,6,Date Installed,,TRUE,TRUE,TRUE,TRUE,
EDGIS.SupportStructure,Tree,POLECOUNT,EDGIS.ElectricDataset,6,Pole Count,,FALSE,TRUE,TRUE,FALSE,0
EDGIS.SupportStructure,Tree,POLETYPE,EDGIS.ElectricDataset,6,Pole Type,,TRUE,TRUE,TRUE,FALSE,
EDGIS.SupportStructure,Tree,HEIGHT,EDGIS.ElectricDataset,6,Pole Height,,FALSE,TRUE,TRUE,FALSE,
EDGIS.SupportStructure,Tree,CLASS,EDGIS.ElectricDataset,6,Pole Class,,FALSE,TRUE,TRUE,FALSE,
EDGIS.SupportStructure,Tree,MANUFACTURER,EDGIS.ElectricDataset,6,Manufacturer,,FALSE,TRUE,TRUE,FALSE,
EDGIS.SupportStructure,Tree,MANUFACTUREDYEAR,EDGIS.ElectricDataset,6,Manufactured Year,,FALSE,TRUE,TRUE,FALSE,
EDGIS.SupportStructure,Tree,SPECIES,EDGIS.ElectricDataset,6,Species,,FALSE,TRUE,TRUE,FALSE,
EDGIS.SupportStructure,Tree,BARCODE,EDGIS.ElectricDataset,6,Bar Code,,FALSE,TRUE,TRUE,FALSE,
EDGIS.SupportStructure,Tree,POLENUMBER,EDGIS.ElectricDataset,6,Pole Number,,FALSE,TRUE,TRUE,FALSE,
EDGIS.SupportStructure,Tree,FOREIGNATTACHIDC,EDGIS.ElectricDataset,6,Foreign Attachment Indicator,,TRUE,TRUE,TRUE,FALSE,
EDGIS.SupportStructure,Tree,JP_DISTRICT,EDGIS.ElectricDataset,6,Joint Pole District,,FALSE,TRUE,TRUE,FALSE,
EDGIS.SupportStructure,Tree,JPNUMBER,EDGIS.ElectricDataset,6,Joint Pole Number,,FALSE,TRUE,TRUE,FALSE,
EDGIS.SupportStructure,Tree,JPSEQUENCE,EDGIS.ElectricDataset,6,Joint Pole Sequence,,FALSE,TRUE,TRUE,FALSE,
EDGIS.SupportStructure,Tree,JPAGREEMENTDATE,EDGIS.ElectricDataset,6,JP Agreement Date,,FALSE,TRUE,TRUE,FALSE,
EDGIS.SupportStructure,Tree,TRANSMISSIONMILENUMBER,EDGIS.ElectricDataset,6,Transmission Mile Number,,FALSE,TRUE,TRUE,FALSE,
EDGIS.SupportStructure,Tree,TRANSMISSIONSTRUCTNUMBER,EDGIS.ElectricDataset,6,Transmission Structure Number,,FALSE,TRUE,TRUE,FALSE,
EDGIS.SupportStructure,Tree,STATEREGAREA,EDGIS.ElectricDataset,6,State Regulation Area,,FALSE,TRUE,TRUE,FALSE,
EDGIS.SupportStructure,Tree,URBANRURALCODE,EDGIS.ElectricDataset,6,Urban Rural Indicator,,FALSE,TRUE,TRUE,FALSE,
EDGIS.SupportStructure,Tree,MAXVOLTAGELEVEL,EDGIS.ElectricDataset,6,Maximum Voltage Level,,FALSE,TRUE,TRUE,FALSE,
EDGIS.SupportStructure,Tree,VC_NUM,EDGIS.ElectricDataset,6,Vegetation Clearance Number,,FALSE,TRUE,TRUE,FALSE,
EDGIS.SupportStructure,Tree,ORIGINALCIRCUMFERENCE,EDGIS.ElectricDataset,6,Original Circumference,,FALSE,TRUE,TRUE,FALSE,
EDGIS.SupportStructure,Tree,CURRENTCIRCUMFERENCE,EDGIS.ElectricDataset,6,Current Circumference,,FALSE,TRUE,TRUE,FALSE,
EDGIS.SupportStructure,Tree,ORIGINALTREATMENTTYPE,EDGIS.ElectricDataset,6,Original Treatment Type,,FALSE,TRUE,TRUE,FALSE,
EDGIS.SupportStructure,Tree,EXISTINGREINFORCEMENT,EDGIS.ElectricDataset,6,Existing Reinforcement,,FALSE,TRUE,TRUE,FALSE,
EDGIS.SupportStructure,Tree,POLETOPEXTIDC,EDGIS.ElectricDataset,6,Pole Top Extension Indicator,,FALSE,TRUE,TRUE,FALSE,
EDGIS.SupportStructure,Tree,GROUNDEDIDC,EDGIS.ElectricDataset,6,Grounded Indicator,,FALSE,TRUE,TRUE,FALSE,
EDGIS.SupportStructure,Tree,LOCDESC1,EDGIS.ElectricDataset,6,Location Description 1,,TRUE,TRUE,TRUE,FALSE,
EDGIS.SupportStructure,Tree,LOCDESC2,EDGIS.ElectricDataset,6,Location Description 2,,TRUE,TRUE,TRUE,FALSE,
EDGIS.SupportStructure,Tree,LOCDESC3,EDGIS.ElectricDataset,6,Location Description 3,,FALSE,TRUE,TRUE,FALSE,
EDGIS.SupportStructure,Tree,ACCESSINFO,EDGIS.ElectricDataset,6,Access Info,,TRUE,TRUE,TRUE,FALSE,
EDGIS.SupportStructure,Tree,COMMENTS,EDGIS.ElectricDataset,6,Comments,,TRUE,TRUE,TRUE,FALSE,
EDGIS.SupportStructure,Tree,CREATIONUSER,EDGIS.ElectricDataset,6,Creation User,,FALSE,FALSE,TRUE,FALSE,
EDGIS.SupportStructure,Tree,DATECREATED,EDGIS.ElectricDataset,6,Date Created,,FALSE,FALSE,TRUE,FALSE,
EDGIS.SupportStructure,Tree,DATEMODIFIED,EDGIS.ElectricDataset,6,Date Modified,,TRUE,FALSE,TRUE,FALSE,
EDGIS.SupportStructure,Tree,LASTUSER,EDGIS.ElectricDataset,6,Last User,,TRUE,FALSE,TRUE,FALSE,
EDGIS.SupportStructure,Tree,MAPOFFICE,EDGIS.ElectricDataset,6,Map Office,,FALSE,TRUE,TRUE,FALSE,
EDGIS.SupportStructure,Tree,REGION,EDGIS.ElectricDataset,6,Service Area,,FALSE,TRUE,TRUE,FALSE,
EDGIS.SupportStructure,Tree,DIVISION,EDGIS.ElectricDataset,6,Division,,FALSE,TRUE,TRUE,FALSE,
EDGIS.SupportStructure,Tree,DISTRICT,EDGIS.ElectricDataset,6,District,,FALSE,TRUE,TRUE,FALSE,
EDGIS.SupportStructure,Tree,CITY,EDGIS.ElectricDataset,6,City,,FALSE,TRUE,TRUE,FALSE,
EDGIS.SupportStructure,Tree,COUNTY,EDGIS.ElectricDataset,6,County,,FALSE,TRUE,TRUE,FALSE,
EDGIS.SupportStructure,Tree,ZIP,EDGIS.ElectricDataset,6,ZIP Code,,FALSE,TRUE,TRUE,FALSE,
EDGIS.SupportStructure,Tree,GPSLATITUDE,EDGIS.ElectricDataset,6,Latitude,,FALSE,TRUE,TRUE,FALSE,
EDGIS.SupportStructure,Tree,GPSLONGITUDE,EDGIS.ElectricDataset,6,Longitude,,FALSE,TRUE,TRUE,FALSE,
EDGIS.SupportStructure,Tree,GPSSOURCE,EDGIS.ElectricDataset,6,GPS Source,,FALSE,TRUE,TRUE,FALSE,
EDGIS.SupportStructure,Tree,SOURCEACCURACY,EDGIS.ElectricDataset,6,Source Accuracy,,FALSE,TRUE,TRUE,FALSE,
EDGIS.SupportStructure,Tree,SAPEQUIPID,EDGIS.ElectricDataset,6,SAP Equipment ID,,TRUE,FALSE,TRUE,FALSE,
EDGIS.SupportStructure,Tree,CEDSAID,EDGIS.ElectricDataset,6,CEDSA ID,,FALSE,FALSE,TRUE,FALSE,
EDGIS.SupportStructure,Tree,SYMBOLNUMBER,EDGIS.ElectricDataset,6,Symbol Number,,FALSE,FALSE,TRUE,FALSE,
EDGIS.SupportStructure,Tree,SYMBOLROTATION,EDGIS.ElectricDataset,6,Symbol Rotation,,FALSE,TRUE,TRUE,FALSE,
EDGIS.SupportStructure,Tree,DISTMAP,EDGIS.ElectricDataset,6,Distribution Map,,TRUE,TRUE,TRUE,FALSE,
EDGIS.SupportStructure,Tree,OTHERMAP,EDGIS.ElectricDataset,6,Other Map,,FALSE,TRUE,TRUE,FALSE,
EDGIS.SupportStructure,Tree,FUNCTIONALLOCATIONID,EDGIS.ElectricDataset,6,Functional Location ID,,FALSE,FALSE,TRUE,FALSE,
EDGIS.SupportStructure,Tree,RETIREDATE,EDGIS.ElectricDataset,6,Retire Date,,FALSE,TRUE,TRUE,FALSE,
EDGIS.SupportStructure,Tree,FOUNDATIONTYPE,EDGIS.ElectricDataset,6,Foundation Type,,FALSE,TRUE,TRUE,FALSE,
EDGIS.SupportStructure,Tree,GAUGE,EDGIS.ElectricDataset,6,Gauge,,FALSE,TRUE,TRUE,FALSE,
EDGIS.SupportStructure,Tree,PTTDIDC,EDGIS.ElectricDataset,6,PTTDIDC,,FALSE,TRUE,TRUE,FALSE,
EDGIS.SupportStructure,Tree,STRUCTURECODE,EDGIS.ElectricDataset,6,Structure Code,,FALSE,TRUE,TRUE,FALSE,
EDGIS.SupportStructure,Tree,SERIALNUMBER,EDGIS.ElectricDataset,6,Serial Number,,FALSE,TRUE,TRUE,FALSE,
EDGIS.SupportStructure,Tree,LABELTEXT,EDGIS.ElectricDataset,6,Label Text,,FALSE,FALSE,TRUE,FALSE,
EDGIS.SupportStructure,Tree,TEMPEQUIPID,EDGIS.ElectricDataset,6,TEMP Equipment ID,,FALSE,TRUE,TRUE,FALSE,
EDGIS.SupportStructure,Tree,TECHIDENTNO,EDGIS.ElectricDataset,6,TECH Identification Number,,FALSE,TRUE,TRUE,FALSE,
EDGIS.SupportStructure,Tree,CUSTAGREEMENTGUID,EDGIS.ElectricDataset,6,Customer Agreement GUID,,FALSE,FALSE,TRUE,FALSE,
EDGIS.SupportStructure,Tree,DEVICEGROUPGUID,EDGIS.ElectricDataset,6,Device Group GUID,,FALSE,FALSE,TRUE,FALSE,
EDGIS.SupportStructure,Tree,SMARTMETERNETWORKDEVICEOID,EDGIS.ElectricDataset,6,Smart Meter Network Device ID,,FALSE,FALSE,TRUE,FALSE,
EDGIS.SupportStructure,Tree,CONVERSIONID,EDGIS.ElectricDataset,6,Conversion ID,,FALSE,FALSE,TRUE,FALSE,
EDGIS.SupportStructure,Tree,CONVERSIONWORKPACKAGE,EDGIS.ElectricDataset,6,Conversion Work Package,,FALSE,FALSE,TRUE,FALSE,
EDGIS.SupportStructure,Tree,REPLACEGUID,EDGIS.ElectricDataset,6,Replace GUID,,FALSE,TRUE,TRUE,FALSE,
EDGIS.SupportStructure,Tree,STRUCTUREGUID,EDGIS.ElectricDataset,6,Structure GUID,,FALSE,TRUE,TRUE,FALSE,
EDGIS.SupportStructure,Tree,SHAPE,EDGIS.ElectricDataset,6,Shape,,FALSE,TRUE,TRUE,FALSE,
EDGIS.SupportStructure,Tree,GLOBALID,EDGIS.ElectricDataset,6,Global ID,,FALSE,FALSE,FALSE,FALSE,
EDGIS.SupportStructure,Tree,METEREDIDC,EDGIS.ElectricDataset,6,Metered Indicator,,FALSE,TRUE,TRUE,TRUE,
EDGIS.SupportStructure,Tower,OBJECTID,EDGIS.ElectricDataset,3,Object ID,,TRUE,FALSE,FALSE,FALSE,
EDGIS.SupportStructure,Tower,SUBTYPECD,EDGIS.ElectricDataset,3,Subtype,,TRUE,TRUE,FALSE,FALSE,1
EDGIS.SupportStructure,Tower,STATUS,EDGIS.ElectricDataset,3,Status,,TRUE,TRUE,FALSE,TRUE,
EDGIS.SupportStructure,Tower,LOCALOFFICEID,EDGIS.ElectricDataset,3,Local Office ID,,TRUE,TRUE,FALSE,TRUE,
EDGIS.SupportStructure,Tower,INSTALLJOBPREFIX,EDGIS.ElectricDataset,3,Job Prefix,,TRUE,TRUE,TRUE,FALSE,PM
EDGIS.SupportStructure,Tower,INSTALLJOBNUMBER,EDGIS.ElectricDataset,3,Job Number,,TRUE,TRUE,FALSE,TRUE,
EDGIS.SupportStructure,Tower,CUSTOMEROWNED,EDGIS.ElectricDataset,3,Customer Owned,,TRUE,TRUE,FALSE,FALSE,N
EDGIS.SupportStructure,Tower,POLEUSE,EDGIS.ElectricDataset,3,Pole Use,,TRUE,TRUE,FALSE,FALSE,
EDGIS.SupportStructure,Tower,MATERIAL,EDGIS.ElectricDataset,3,Material,,TRUE,TRUE,FALSE,FALSE,S
EDGIS.SupportStructure,Tower,JOINTCOUNT,EDGIS.ElectricDataset,3,Joint Count,,TRUE,TRUE,FALSE,FALSE,
EDGIS.SupportStructure,Tower,INSTALLJOBYEAR,EDGIS.ElectricDataset,3,Year Installed,,TRUE,TRUE,TRUE,TRUE,
EDGIS.SupportStructure,Tower,INSTALLATIONDATE,EDGIS.ElectricDataset,3,Date Installed,,TRUE,TRUE,TRUE,TRUE,
EDGIS.SupportStructure,Tower,POLECOUNT,EDGIS.ElectricDataset,3,Pole Count,,FALSE,TRUE,TRUE,FALSE,
EDGIS.SupportStructure,Tower,POLETYPE,EDGIS.ElectricDataset,3,Pole Type,,TRUE,TRUE,TRUE,FALSE,
EDGIS.SupportStructure,Tower,HEIGHT,EDGIS.ElectricDataset,3,Pole Height,,TRUE,TRUE,TRUE,FALSE,
EDGIS.SupportStructure,Tower,CLASS,EDGIS.ElectricDataset,3,Pole Class,,TRUE,TRUE,TRUE,FALSE,
EDGIS.SupportStructure,Tower,MANUFACTURER,EDGIS.ElectricDataset,3,Manufacturer,,FALSE,TRUE,TRUE,FALSE,
EDGIS.SupportStructure,Tower,MANUFACTUREDYEAR,EDGIS.ElectricDataset,3,Manufactured Year,,FALSE,TRUE,TRUE,FALSE,
EDGIS.SupportStructure,Tower,SPECIES,EDGIS.ElectricDataset,3,Species,,FALSE,TRUE,TRUE,FALSE,
EDGIS.SupportStructure,Tower,BARCODE,EDGIS.ElectricDataset,3,Bar Code,,TRUE,TRUE,TRUE,FALSE,
EDGIS.SupportStructure,Tower,POLENUMBER,EDGIS.ElectricDataset,3,Pole Number,,FALSE,TRUE,TRUE,FALSE,
EDGIS.SupportStructure,Tower,FOREIGNATTACHIDC,EDGIS.ElectricDataset,3,Foreign Attachment Indicator,,TRUE,TRUE,TRUE,FALSE,
EDGIS.SupportStructure,Tower,JP_DISTRICT,EDGIS.ElectricDataset,3,Joint Pole District,,FALSE,TRUE,TRUE,FALSE,
EDGIS.SupportStructure,Tower,JPNUMBER,EDGIS.ElectricDataset,3,Joint Pole Number,,TRUE,TRUE,TRUE,FALSE,
EDGIS.SupportStructure,Tower,JPSEQUENCE,EDGIS.ElectricDataset,3,Joint Pole Sequence,,TRUE,TRUE,TRUE,FALSE,
EDGIS.SupportStructure,Tower,JPAGREEMENTDATE,EDGIS.ElectricDataset,3,JP Agreement Date,,TRUE,TRUE,TRUE,FALSE,
EDGIS.SupportStructure,Tower,TRANSMISSIONMILENUMBER,EDGIS.ElectricDataset,3,Transmission Mile Number,,TRUE,TRUE,TRUE,FALSE,
EDGIS.SupportStructure,Tower,TRANSMISSIONSTRUCTNUMBER,EDGIS.ElectricDataset,3,Transmission Structure Number,,TRUE,TRUE,TRUE,FALSE,
EDGIS.SupportStructure,Tower,STATEREGAREA,EDGIS.ElectricDataset,3,State Regulation Area,,FALSE,TRUE,TRUE,FALSE,
EDGIS.SupportStructure,Tower,URBANRURALCODE,EDGIS.ElectricDataset,3,Urban Rural Indicator,,FALSE,TRUE,TRUE,FALSE,
EDGIS.SupportStructure,Tower,MAXVOLTAGELEVEL,EDGIS.ElectricDataset,3,Maximum Voltage Level,,FALSE,TRUE,TRUE,FALSE,
EDGIS.SupportStructure,Tower,VC_NUM,EDGIS.ElectricDataset,3,Vegetation Clearance Number,,FALSE,TRUE,TRUE,FALSE,
EDGIS.SupportStructure,Tower,ORIGINALCIRCUMFERENCE,EDGIS.ElectricDataset,3,Original Circumference,,FALSE,TRUE,TRUE,FALSE,
EDGIS.SupportStructure,Tower,CURRENTCIRCUMFERENCE,EDGIS.ElectricDataset,3,Current Circumference,,FALSE,TRUE,TRUE,FALSE,
EDGIS.SupportStructure,Tower,ORIGINALTREATMENTTYPE,EDGIS.ElectricDataset,3,Original Treatment Type,,FALSE,TRUE,TRUE,FALSE,
EDGIS.SupportStructure,Tower,EXISTINGREINFORCEMENT,EDGIS.ElectricDataset,3,Existing Reinforcement,,FALSE,TRUE,TRUE,FALSE,
EDGIS.SupportStructure,Tower,POLETOPEXTIDC,EDGIS.ElectricDataset,3,Pole Top Extension Indicator,,FALSE,TRUE,TRUE,FALSE,
EDGIS.SupportStructure,Tower,GROUNDEDIDC,EDGIS.ElectricDataset,3,Grounded Indicator,,FALSE,TRUE,TRUE,FALSE,
EDGIS.SupportStructure,Tower,LOCDESC1,EDGIS.ElectricDataset,3,Location Description 1,,TRUE,TRUE,TRUE,FALSE,
EDGIS.SupportStructure,Tower,LOCDESC2,EDGIS.ElectricDataset,3,Location Description 2,,TRUE,TRUE,TRUE,FALSE,
EDGIS.SupportStructure,Tower,LOCDESC3,EDGIS.ElectricDataset,3,Location Description 3,,FALSE,TRUE,TRUE,FALSE,
EDGIS.SupportStructure,Tower,ACCESSINFO,EDGIS.ElectricDataset,3,Access Info,,TRUE,TRUE,TRUE,FALSE,
EDGIS.SupportStructure,Tower,COMMENTS,EDGIS.ElectricDataset,3,Comments,,TRUE,TRUE,TRUE,FALSE,
EDGIS.SupportStructure,Tower,CREATIONUSER,EDGIS.ElectricDataset,3,Creation User,,TRUE,FALSE,TRUE,FALSE,
EDGIS.SupportStructure,Tower,DATECREATED,EDGIS.ElectricDataset,3,Date Created,,TRUE,FALSE,TRUE,FALSE,
EDGIS.SupportStructure,Tower,DATEMODIFIED,EDGIS.ElectricDataset,3,Date Modified,,TRUE,FALSE,TRUE,FALSE,
EDGIS.SupportStructure,Tower,LASTUSER,EDGIS.ElectricDataset,3,Last User,,TRUE,FALSE,TRUE,FALSE,
EDGIS.SupportStructure,Tower,MAPOFFICE,EDGIS.ElectricDataset,3,Map Office,,FALSE,TRUE,TRUE,FALSE,
EDGIS.SupportStructure,Tower,REGION,EDGIS.ElectricDataset,3,Service Area,,FALSE,TRUE,TRUE,FALSE,
EDGIS.SupportStructure,Tower,DIVISION,EDGIS.ElectricDataset,3,Division,,FALSE,TRUE,TRUE,FALSE,
EDGIS.SupportStructure,Tower,DISTRICT,EDGIS.ElectricDataset,3,District,,FALSE,TRUE,TRUE,FALSE,
EDGIS.SupportStructure,Tower,CITY,EDGIS.ElectricDataset,3,City,,FALSE,TRUE,TRUE,FALSE,
EDGIS.SupportStructure,Tower,COUNTY,EDGIS.ElectricDataset,3,County,,FALSE,TRUE,TRUE,FALSE,
EDGIS.SupportStructure,Tower,ZIP,EDGIS.ElectricDataset,3,ZIP Code,,FALSE,TRUE,TRUE,FALSE,
EDGIS.SupportStructure,Tower,GPSLATITUDE,EDGIS.ElectricDataset,3,Latitude,,FALSE,TRUE,TRUE,FALSE,
EDGIS.SupportStructure,Tower,GPSLONGITUDE,EDGIS.ElectricDataset,3,Longitude,,FALSE,TRUE,TRUE,FALSE,
EDGIS.SupportStructure,Tower,GPSSOURCE,EDGIS.ElectricDataset,3,GPS Source,,FALSE,TRUE,TRUE,FALSE,
EDGIS.SupportStructure,Tower,SOURCEACCURACY,EDGIS.ElectricDataset,3,Source Accuracy,,FALSE,TRUE,TRUE,FALSE,
EDGIS.SupportStructure,Tower,SAPEQUIPID,EDGIS.ElectricDataset,3,SAP Equipment ID,,TRUE,FALSE,TRUE,FALSE,
EDGIS.SupportStructure,Tower,CEDSAID,EDGIS.ElectricDataset,3,CEDSA ID,,FALSE,FALSE,TRUE,FALSE,
EDGIS.SupportStructure,Tower,SYMBOLNUMBER,EDGIS.ElectricDataset,3,Symbol Number,,FALSE,FALSE,TRUE,FALSE,
EDGIS.SupportStructure,Tower,SYMBOLROTATION,EDGIS.ElectricDataset,3,Symbol Rotation,,TRUE,TRUE,TRUE,FALSE,
EDGIS.SupportStructure,Tower,DISTMAP,EDGIS.ElectricDataset,3,Distribution Map,,TRUE,TRUE,TRUE,FALSE,
EDGIS.SupportStructure,Tower,OTHERMAP,EDGIS.ElectricDataset,3,Other Map,,FALSE,TRUE,TRUE,FALSE,
EDGIS.SupportStructure,Tower,FUNCTIONALLOCATIONID,EDGIS.ElectricDataset,3,Functional Location ID,,FALSE,FALSE,TRUE,FALSE,
EDGIS.SupportStructure,Tower,RETIREDATE,EDGIS.ElectricDataset,3,Retire Date,,FALSE,TRUE,TRUE,FALSE,
EDGIS.SupportStructure,Tower,FOUNDATIONTYPE,EDGIS.ElectricDataset,3,Foundation Type,,FALSE,TRUE,TRUE,FALSE,
EDGIS.SupportStructure,Tower,GAUGE,EDGIS.ElectricDataset,3,Gauge,,FALSE,TRUE,TRUE,FALSE,
EDGIS.SupportStructure,Tower,PTTDIDC,EDGIS.ElectricDataset,3,PTTDIDC,,FALSE,TRUE,TRUE,FALSE,
EDGIS.SupportStructure,Tower,STRUCTURECODE,EDGIS.ElectricDataset,3,Structure Code,,FALSE,TRUE,TRUE,FALSE,
EDGIS.SupportStructure,Tower,SERIALNUMBER,EDGIS.ElectricDataset,3,Serial Number,,FALSE,TRUE,TRUE,FALSE,
EDGIS.SupportStructure,Tower,LABELTEXT,EDGIS.ElectricDataset,3,Label Text,,FALSE,FALSE,TRUE,FALSE,
EDGIS.SupportStructure,Tower,TEMPEQUIPID,EDGIS.ElectricDataset,3,TEMP Equipment ID,,FALSE,TRUE,TRUE,FALSE,
EDGIS.SupportStructure,Tower,TECHIDENTNO,EDGIS.ElectricDataset,3,TECH Identification Number,,FALSE,TRUE,TRUE,FALSE,
EDGIS.SupportStructure,Tower,CUSTAGREEMENTGUID,EDGIS.ElectricDataset,3,Customer Agreement GUID,,FALSE,FALSE,TRUE,FALSE,
EDGIS.SupportStructure,Tower,DEVICEGROUPGUID,EDGIS.ElectricDataset,3,Device Group GUID,,FALSE,FALSE,TRUE,FALSE,
EDGIS.SupportStructure,Tower,SMARTMETERNETWORKDEVICEOID,EDGIS.ElectricDataset,3,Smart Meter Network Device ID,,FALSE,FALSE,TRUE,FALSE,
EDGIS.SupportStructure,Tower,CONVERSIONID,EDGIS.ElectricDataset,3,Conversion ID,,FALSE,FALSE,TRUE,FALSE,
EDGIS.SupportStructure,Tower,CONVERSIONWORKPACKAGE,EDGIS.ElectricDataset,3,Conversion Work Package,,FALSE,FALSE,TRUE,FALSE,
EDGIS.SupportStructure,Tower,REPLACEGUID,EDGIS.ElectricDataset,3,Replace GUID,,TRUE,TRUE,TRUE,FALSE,
EDGIS.SupportStructure,Tower,STRUCTUREGUID,EDGIS.ElectricDataset,3,Structure GUID,,FALSE,TRUE,TRUE,FALSE,
EDGIS.SupportStructure,Tower,SHAPE,EDGIS.ElectricDataset,3,Shape,,FALSE,TRUE,TRUE,FALSE,
EDGIS.SupportStructure,Tower,GLOBALID,EDGIS.ElectricDataset,3,Global ID,,TRUE,FALSE,FALSE,FALSE,
EDGIS.SupportStructure,Tower,METEREDIDC,EDGIS.ElectricDataset,3,Metered Indicator,,FALSE,TRUE,TRUE,TRUE,
EDGIS.SupportStructure,Electrolier,OBJECTID,EDGIS.ElectricDataset,2,Object ID,,TRUE,FALSE,FALSE,FALSE,
EDGIS.SupportStructure,Electrolier,SUBTYPECD,EDGIS.ElectricDataset,2,Subtype,,TRUE,TRUE,FALSE,FALSE,1
EDGIS.SupportStructure,Electrolier,STATUS,EDGIS.ElectricDataset,2,Status,,TRUE,TRUE,FALSE,TRUE,
EDGIS.SupportStructure,Electrolier,LOCALOFFICEID,EDGIS.ElectricDataset,2,Local Office ID,,TRUE,TRUE,FALSE,TRUE,
EDGIS.SupportStructure,Electrolier,INSTALLJOBPREFIX,EDGIS.ElectricDataset,2,Job Prefix,,TRUE,TRUE,TRUE,FALSE,PM
EDGIS.SupportStructure,Electrolier,INSTALLJOBNUMBER,EDGIS.ElectricDataset,2,Job Number,,TRUE,TRUE,FALSE,TRUE,
EDGIS.SupportStructure,Electrolier,CUSTOMEROWNED,EDGIS.ElectricDataset,2,Customer Owned,,TRUE,TRUE,FALSE,FALSE,N
EDGIS.SupportStructure,Electrolier,POLEUSE,EDGIS.ElectricDataset,2,Pole Use,,TRUE,TRUE,FALSE,FALSE,
EDGIS.SupportStructure,Electrolier,MATERIAL,EDGIS.ElectricDataset,2,Material,,TRUE,TRUE,FALSE,FALSE,STEL
EDGIS.SupportStructure,Electrolier,JOINTCOUNT,EDGIS.ElectricDataset,2,Joint Count,,FALSE,TRUE,FALSE,FALSE,
EDGIS.SupportStructure,Electrolier,INSTALLJOBYEAR,EDGIS.ElectricDataset,2,Year Installed,,TRUE,TRUE,TRUE,TRUE,
EDGIS.SupportStructure,Electrolier,INSTALLATIONDATE,EDGIS.ElectricDataset,2,Date Installed,,TRUE,TRUE,TRUE,TRUE,
EDGIS.SupportStructure,Electrolier,POLECOUNT,EDGIS.ElectricDataset,2,Pole Count,,FALSE,TRUE,TRUE,FALSE,0
EDGIS.SupportStructure,Electrolier,POLETYPE,EDGIS.ElectricDataset,2,Pole Type,,TRUE,TRUE,TRUE,FALSE,
EDGIS.SupportStructure,Electrolier,HEIGHT,EDGIS.ElectricDataset,2,Pole Height,,TRUE,TRUE,TRUE,FALSE,
EDGIS.SupportStructure,Electrolier,CLASS,EDGIS.ElectricDataset,2,Pole Class,,FALSE,TRUE,TRUE,FALSE,
EDGIS.SupportStructure,Electrolier,MANUFACTURER,EDGIS.ElectricDataset,2,Manufacturer,,FALSE,TRUE,TRUE,FALSE,
EDGIS.SupportStructure,Electrolier,MANUFACTUREDYEAR,EDGIS.ElectricDataset,2,Manufactured Year,,FALSE,TRUE,TRUE,FALSE,
EDGIS.SupportStructure,Electrolier,SPECIES,EDGIS.ElectricDataset,2,Species,,FALSE,TRUE,TRUE,FALSE,
EDGIS.SupportStructure,Electrolier,BARCODE,EDGIS.ElectricDataset,2,Bar Code,,FALSE,TRUE,TRUE,FALSE,
EDGIS.SupportStructure,Electrolier,POLENUMBER,EDGIS.ElectricDataset,2,Pole Number,,FALSE,TRUE,TRUE,FALSE,
EDGIS.SupportStructure,Electrolier,FOREIGNATTACHIDC,EDGIS.ElectricDataset,2,Foreign Attachment Indicator,,TRUE,TRUE,TRUE,FALSE,
EDGIS.SupportStructure,Electrolier,JP_DISTRICT,EDGIS.ElectricDataset,2,Joint Pole District,,FALSE,TRUE,TRUE,FALSE,
EDGIS.SupportStructure,Electrolier,JPNUMBER,EDGIS.ElectricDataset,2,Joint Pole Number,,FALSE,TRUE,TRUE,FALSE,
EDGIS.SupportStructure,Electrolier,JPSEQUENCE,EDGIS.ElectricDataset,2,Joint Pole Sequence,,FALSE,TRUE,TRUE,FALSE,
EDGIS.SupportStructure,Electrolier,JPAGREEMENTDATE,EDGIS.ElectricDataset,2,JP Agreement Date,,FALSE,TRUE,TRUE,FALSE,
EDGIS.SupportStructure,Electrolier,TRANSMISSIONMILENUMBER,EDGIS.ElectricDataset,2,Transmission Mile Number,,FALSE,TRUE,TRUE,FALSE,
EDGIS.SupportStructure,Electrolier,TRANSMISSIONSTRUCTNUMBER,EDGIS.ElectricDataset,2,Transmission Structure Number,,FALSE,TRUE,TRUE,FALSE,
EDGIS.SupportStructure,Electrolier,STATEREGAREA,EDGIS.ElectricDataset,2,State Regulation Area,,FALSE,TRUE,TRUE,FALSE,
EDGIS.SupportStructure,Electrolier,URBANRURALCODE,EDGIS.ElectricDataset,2,Urban Rural Indicator,,FALSE,TRUE,TRUE,FALSE,
EDGIS.SupportStructure,Electrolier,MAXVOLTAGELEVEL,EDGIS.ElectricDataset,2,Maximum Voltage Level,,FALSE,TRUE,TRUE,FALSE,
EDGIS.SupportStructure,Electrolier,VC_NUM,EDGIS.ElectricDataset,2,Vegetation Clearance Number,,FALSE,TRUE,TRUE,FALSE,
EDGIS.SupportStructure,Electrolier,ORIGINALCIRCUMFERENCE,EDGIS.ElectricDataset,2,Original Circumference,,FALSE,TRUE,TRUE,FALSE,
EDGIS.SupportStructure,Electrolier,CURRENTCIRCUMFERENCE,EDGIS.ElectricDataset,2,Current Circumference,,FALSE,TRUE,TRUE,FALSE,
EDGIS.SupportStructure,Electrolier,ORIGINALTREATMENTTYPE,EDGIS.ElectricDataset,2,Original Treatment Type,,FALSE,TRUE,TRUE,FALSE,
EDGIS.SupportStructure,Electrolier,EXISTINGREINFORCEMENT,EDGIS.ElectricDataset,2,Existing Reinforcement,,FALSE,TRUE,TRUE,FALSE,
EDGIS.SupportStructure,Electrolier,POLETOPEXTIDC,EDGIS.ElectricDataset,2,Pole Top Extension Indicator,,FALSE,TRUE,TRUE,FALSE,
EDGIS.SupportStructure,Electrolier,GROUNDEDIDC,EDGIS.ElectricDataset,2,Grounded Indicator,,FALSE,TRUE,TRUE,FALSE,
EDGIS.SupportStructure,Electrolier,LOCDESC1,EDGIS.ElectricDataset,2,Location Description 1,,TRUE,TRUE,TRUE,FALSE,
EDGIS.SupportStructure,Electrolier,LOCDESC2,EDGIS.ElectricDataset,2,Location Description 2,,TRUE,TRUE,TRUE,FALSE,
EDGIS.SupportStructure,Electrolier,LOCDESC3,EDGIS.ElectricDataset,2,Location Description 3,,FALSE,TRUE,TRUE,FALSE,
EDGIS.SupportStructure,Electrolier,ACCESSINFO,EDGIS.ElectricDataset,2,Access Info,,TRUE,TRUE,TRUE,FALSE,
EDGIS.SupportStructure,Electrolier,COMMENTS,EDGIS.ElectricDataset,2,Comments,,TRUE,TRUE,TRUE,FALSE,
EDGIS.SupportStructure,Electrolier,CREATIONUSER,EDGIS.ElectricDataset,2,Creation User,,TRUE,FALSE,TRUE,FALSE,
EDGIS.SupportStructure,Electrolier,DATECREATED,EDGIS.ElectricDataset,2,Date Created,,TRUE,FALSE,TRUE,FALSE,
EDGIS.SupportStructure,Electrolier,DATEMODIFIED,EDGIS.ElectricDataset,2,Date Modified,,TRUE,FALSE,TRUE,FALSE,
EDGIS.SupportStructure,Electrolier,LASTUSER,EDGIS.ElectricDataset,2,Last User,,TRUE,FALSE,TRUE,FALSE,
EDGIS.SupportStructure,Electrolier,MAPOFFICE,EDGIS.ElectricDataset,2,Map Office,,FALSE,TRUE,TRUE,FALSE,
EDGIS.SupportStructure,Electrolier,REGION,EDGIS.ElectricDataset,2,Service Area,,FALSE,TRUE,TRUE,FALSE,
EDGIS.SupportStructure,Electrolier,DIVISION,EDGIS.ElectricDataset,2,Division,,FALSE,TRUE,TRUE,FALSE,
EDGIS.SupportStructure,Electrolier,DISTRICT,EDGIS.ElectricDataset,2,District,,FALSE,TRUE,TRUE,FALSE,
EDGIS.SupportStructure,Electrolier,CITY,EDGIS.ElectricDataset,2,City,,FALSE,TRUE,TRUE,FALSE,
EDGIS.SupportStructure,Electrolier,COUNTY,EDGIS.ElectricDataset,2,County,,FALSE,TRUE,TRUE,FALSE,
EDGIS.SupportStructure,Electrolier,ZIP,EDGIS.ElectricDataset,2,ZIP Code,,FALSE,TRUE,TRUE,FALSE,
EDGIS.SupportStructure,Electrolier,GPSLATITUDE,EDGIS.ElectricDataset,2,Latitude,,FALSE,TRUE,TRUE,FALSE,
EDGIS.SupportStructure,Electrolier,GPSLONGITUDE,EDGIS.ElectricDataset,2,Longitude,,FALSE,TRUE,TRUE,FALSE,
EDGIS.SupportStructure,Electrolier,GPSSOURCE,EDGIS.ElectricDataset,2,GPS Source,,FALSE,TRUE,TRUE,FALSE,
EDGIS.SupportStructure,Electrolier,SOURCEACCURACY,EDGIS.ElectricDataset,2,Source Accuracy,,FALSE,TRUE,TRUE,FALSE,
EDGIS.SupportStructure,Electrolier,SAPEQUIPID,EDGIS.ElectricDataset,2,SAP Equipment ID,,TRUE,FALSE,TRUE,FALSE,
EDGIS.SupportStructure,Electrolier,CEDSAID,EDGIS.ElectricDataset,2,CEDSA ID,,FALSE,FALSE,TRUE,FALSE,
EDGIS.SupportStructure,Electrolier,SYMBOLNUMBER,EDGIS.ElectricDataset,2,Symbol Number,,FALSE,FALSE,TRUE,FALSE,
EDGIS.SupportStructure,Electrolier,SYMBOLROTATION,EDGIS.ElectricDataset,2,Symbol Rotation,,TRUE,TRUE,TRUE,FALSE,
EDGIS.SupportStructure,Electrolier,DISTMAP,EDGIS.ElectricDataset,2,Distribution Map,,TRUE,TRUE,TRUE,FALSE,
EDGIS.SupportStructure,Electrolier,OTHERMAP,EDGIS.ElectricDataset,2,Other Map,,FALSE,TRUE,TRUE,FALSE,
EDGIS.SupportStructure,Electrolier,FUNCTIONALLOCATIONID,EDGIS.ElectricDataset,2,Functional Location ID,,FALSE,FALSE,TRUE,FALSE,
EDGIS.SupportStructure,Electrolier,RETIREDATE,EDGIS.ElectricDataset,2,Retire Date,,FALSE,TRUE,TRUE,FALSE,
EDGIS.SupportStructure,Electrolier,FOUNDATIONTYPE,EDGIS.ElectricDataset,2,Foundation Type,,FALSE,TRUE,TRUE,FALSE,
EDGIS.SupportStructure,Electrolier,GAUGE,EDGIS.ElectricDataset,2,Gauge,,FALSE,TRUE,TRUE,FALSE,
EDGIS.SupportStructure,Electrolier,PTTDIDC,EDGIS.ElectricDataset,2,PTTDIDC,,FALSE,TRUE,TRUE,FALSE,
EDGIS.SupportStructure,Electrolier,STRUCTURECODE,EDGIS.ElectricDataset,2,Structure Code,,FALSE,TRUE,TRUE,FALSE,
EDGIS.SupportStructure,Electrolier,SERIALNUMBER,EDGIS.ElectricDataset,2,Serial Number,,FALSE,TRUE,TRUE,FALSE,
EDGIS.SupportStructure,Electrolier,LABELTEXT,EDGIS.ElectricDataset,2,Label Text,,FALSE,FALSE,TRUE,FALSE,
EDGIS.SupportStructure,Electrolier,TEMPEQUIPID,EDGIS.ElectricDataset,2,TEMP Equipment ID,,FALSE,TRUE,TRUE,FALSE,
EDGIS.SupportStructure,Electrolier,TECHIDENTNO,EDGIS.ElectricDataset,2,TECH Identification Number,,FALSE,TRUE,TRUE,FALSE,
EDGIS.SupportStructure,Electrolier,CUSTAGREEMENTGUID,EDGIS.ElectricDataset,2,Customer Agreement GUID,,FALSE,FALSE,TRUE,FALSE,
EDGIS.SupportStructure,Electrolier,DEVICEGROUPGUID,EDGIS.ElectricDataset,2,Device Group GUID,,FALSE,FALSE,TRUE,FALSE,
EDGIS.SupportStructure,Electrolier,SMARTMETERNETWORKDEVICEOID,EDGIS.ElectricDataset,2,Smart Meter Network Device ID,,FALSE,FALSE,TRUE,FALSE,
EDGIS.SupportStructure,Electrolier,CONVERSIONID,EDGIS.ElectricDataset,2,Conversion ID,,FALSE,FALSE,TRUE,FALSE,
EDGIS.SupportStructure,Electrolier,CONVERSIONWORKPACKAGE,EDGIS.ElectricDataset,2,Conversion Work Package,,FALSE,FALSE,TRUE,FALSE,
EDGIS.SupportStructure,Electrolier,REPLACEGUID,EDGIS.ElectricDataset,2,Replace GUID,,TRUE,TRUE,TRUE,FALSE,
EDGIS.SupportStructure,Electrolier,STRUCTUREGUID,EDGIS.ElectricDataset,2,Structure GUID,,FALSE,TRUE,TRUE,FALSE,
EDGIS.SupportStructure,Electrolier,SHAPE,EDGIS.ElectricDataset,2,Shape,,FALSE,TRUE,TRUE,FALSE,
EDGIS.SupportStructure,Electrolier,GLOBALID,EDGIS.ElectricDataset,2,Global ID,,TRUE,FALSE,FALSE,FALSE,
EDGIS.SupportStructure,Electrolier,METEREDIDC,EDGIS.ElectricDataset,2,Metered Indicator,,FALSE,TRUE,TRUE,TRUE,
EDGIS.SupportStructure,Pole Stub,OBJECTID,EDGIS.ElectricDataset,8,Object ID,,TRUE,FALSE,FALSE,FALSE,
EDGIS.SupportStructure,Pole Stub,SUBTYPECD,EDGIS.ElectricDataset,8,Subtype,,TRUE,TRUE,FALSE,FALSE,1
EDGIS.SupportStructure,Pole Stub,STATUS,EDGIS.ElectricDataset,8,Status,,TRUE,TRUE,FALSE,TRUE,
EDGIS.SupportStructure,Pole Stub,LOCALOFFICEID,EDGIS.ElectricDataset,8,Local Office ID,,TRUE,TRUE,FALSE,TRUE,
EDGIS.SupportStructure,Pole Stub,INSTALLJOBPREFIX,EDGIS.ElectricDataset,8,Job Prefix,,TRUE,TRUE,TRUE,FALSE,PM
EDGIS.SupportStructure,Pole Stub,INSTALLJOBNUMBER,EDGIS.ElectricDataset,8,Job Number,,TRUE,TRUE,FALSE,TRUE,
EDGIS.SupportStructure,Pole Stub,CUSTOMEROWNED,EDGIS.ElectricDataset,8,Customer Owned,,TRUE,TRUE,FALSE,FALSE,N
EDGIS.SupportStructure,Pole Stub,POLEUSE,EDGIS.ElectricDataset,8,Pole Use,,TRUE,TRUE,FALSE,FALSE,
EDGIS.SupportStructure,Pole Stub,MATERIAL,EDGIS.ElectricDataset,8,Material,,TRUE,TRUE,FALSE,FALSE,WOOD
EDGIS.SupportStructure,Pole Stub,JOINTCOUNT,EDGIS.ElectricDataset,8,Joint Count,,FALSE,TRUE,FALSE,FALSE,
EDGIS.SupportStructure,Pole Stub,INSTALLJOBYEAR,EDGIS.ElectricDataset,8,Year Installed,,TRUE,TRUE,TRUE,TRUE,
EDGIS.SupportStructure,Pole Stub,INSTALLATIONDATE,EDGIS.ElectricDataset,8,Date Installed,,TRUE,TRUE,TRUE,TRUE,
EDGIS.SupportStructure,Pole Stub,POLECOUNT,EDGIS.ElectricDataset,8,Pole Count,,FALSE,TRUE,TRUE,FALSE,
EDGIS.SupportStructure,Pole Stub,POLETYPE,EDGIS.ElectricDataset,8,Pole Type,,FALSE,TRUE,TRUE,FALSE,
EDGIS.SupportStructure,Pole Stub,HEIGHT,EDGIS.ElectricDataset,8,Pole Height,,TRUE,TRUE,TRUE,FALSE,
EDGIS.SupportStructure,Pole Stub,CLASS,EDGIS.ElectricDataset,8,Pole Class,,FALSE,TRUE,TRUE,FALSE,
EDGIS.SupportStructure,Pole Stub,MANUFACTURER,EDGIS.ElectricDataset,8,Manufacturer,,FALSE,TRUE,TRUE,FALSE,
EDGIS.SupportStructure,Pole Stub,MANUFACTUREDYEAR,EDGIS.ElectricDataset,8,Manufactured Year,,FALSE,TRUE,TRUE,FALSE,
EDGIS.SupportStructure,Pole Stub,SPECIES,EDGIS.ElectricDataset,8,Species,,FALSE,TRUE,TRUE,FALSE,
EDGIS.SupportStructure,Pole Stub,BARCODE,EDGIS.ElectricDataset,8,Bar Code,,TRUE,TRUE,TRUE,FALSE,
EDGIS.SupportStructure,Pole Stub,POLENUMBER,EDGIS.ElectricDataset,8,Pole Number,,FALSE,TRUE,TRUE,FALSE,
EDGIS.SupportStructure,Pole Stub,FOREIGNATTACHIDC,EDGIS.ElectricDataset,8,Foreign Attachment Indicator,,TRUE,TRUE,TRUE,FALSE,
EDGIS.SupportStructure,Pole Stub,JP_DISTRICT,EDGIS.ElectricDataset,8,Joint Pole District,,FALSE,TRUE,TRUE,FALSE,
EDGIS.SupportStructure,Pole Stub,JPNUMBER,EDGIS.ElectricDataset,8,Joint Pole Number,,TRUE,TRUE,TRUE,FALSE,
EDGIS.SupportStructure,Pole Stub,JPSEQUENCE,EDGIS.ElectricDataset,8,Joint Pole Sequence,,TRUE,TRUE,TRUE,FALSE,
EDGIS.SupportStructure,Pole Stub,JPAGREEMENTDATE,EDGIS.ElectricDataset,8,JP Agreement Date,,TRUE,TRUE,TRUE,FALSE,
EDGIS.SupportStructure,Pole Stub,TRANSMISSIONMILENUMBER,EDGIS.ElectricDataset,8,Transmission Mile Number,,FALSE,TRUE,TRUE,FALSE,
EDGIS.SupportStructure,Pole Stub,TRANSMISSIONSTRUCTNUMBER,EDGIS.ElectricDataset,8,Transmission Structure Number,,FALSE,TRUE,TRUE,FALSE,
EDGIS.SupportStructure,Pole Stub,STATEREGAREA,EDGIS.ElectricDataset,8,State Regulation Area,,FALSE,TRUE,TRUE,FALSE,
EDGIS.SupportStructure,Pole Stub,URBANRURALCODE,EDGIS.ElectricDataset,8,Urban Rural Indicator,,FALSE,TRUE,TRUE,FALSE,
EDGIS.SupportStructure,Pole Stub,MAXVOLTAGELEVEL,EDGIS.ElectricDataset,8,Maximum Voltage Level,,FALSE,TRUE,TRUE,FALSE,
EDGIS.SupportStructure,Pole Stub,VC_NUM,EDGIS.ElectricDataset,8,Vegetation Clearance Number,,FALSE,TRUE,TRUE,FALSE,
EDGIS.SupportStructure,Pole Stub,ORIGINALCIRCUMFERENCE,EDGIS.ElectricDataset,8,Original Circumference,,FALSE,TRUE,TRUE,FALSE,
EDGIS.SupportStructure,Pole Stub,CURRENTCIRCUMFERENCE,EDGIS.ElectricDataset,8,Current Circumference,,FALSE,TRUE,TRUE,FALSE,
EDGIS.SupportStructure,Pole Stub,ORIGINALTREATMENTTYPE,EDGIS.ElectricDataset,8,Original Treatment Type,,FALSE,TRUE,TRUE,FALSE,
EDGIS.SupportStructure,Pole Stub,EXISTINGREINFORCEMENT,EDGIS.ElectricDataset,8,Existing Reinforcement,,FALSE,TRUE,TRUE,FALSE,
EDGIS.SupportStructure,Pole Stub,POLETOPEXTIDC,EDGIS.ElectricDataset,8,Pole Top Extension Indicator,,FALSE,TRUE,TRUE,FALSE,
EDGIS.SupportStructure,Pole Stub,GROUNDEDIDC,EDGIS.ElectricDataset,8,Grounded Indicator,,FALSE,TRUE,TRUE,FALSE,
EDGIS.SupportStructure,Pole Stub,LOCDESC1,EDGIS.ElectricDataset,8,Location Description 1,,TRUE,TRUE,TRUE,FALSE,
EDGIS.SupportStructure,Pole Stub,LOCDESC2,EDGIS.ElectricDataset,8,Location Description 2,,TRUE,TRUE,TRUE,FALSE,
EDGIS.SupportStructure,Pole Stub,LOCDESC3,EDGIS.ElectricDataset,8,Location Description 3,,FALSE,TRUE,TRUE,FALSE,
EDGIS.SupportStructure,Pole Stub,ACCESSINFO,EDGIS.ElectricDataset,8,Access Info,,TRUE,TRUE,TRUE,FALSE,
EDGIS.SupportStructure,Pole Stub,COMMENTS,EDGIS.ElectricDataset,8,Comments,,TRUE,TRUE,TRUE,FALSE,
EDGIS.SupportStructure,Pole Stub,CREATIONUSER,EDGIS.ElectricDataset,8,Creation User,,TRUE,FALSE,TRUE,FALSE,
EDGIS.SupportStructure,Pole Stub,DATECREATED,EDGIS.ElectricDataset,8,Date Created,,TRUE,FALSE,TRUE,FALSE,
EDGIS.SupportStructure,Pole Stub,DATEMODIFIED,EDGIS.ElectricDataset,8,Date Modified,,TRUE,FALSE,TRUE,FALSE,
EDGIS.SupportStructure,Pole Stub,LASTUSER,EDGIS.ElectricDataset,8,Last User,,TRUE,FALSE,TRUE,FALSE,
EDGIS.SupportStructure,Pole Stub,MAPOFFICE,EDGIS.ElectricDataset,8,Map Office,,FALSE,TRUE,TRUE,FALSE,
EDGIS.SupportStructure,Pole Stub,REGION,EDGIS.ElectricDataset,8,Service Area,,FALSE,TRUE,TRUE,FALSE,
EDGIS.SupportStructure,Pole Stub,DIVISION,EDGIS.ElectricDataset,8,Division,,FALSE,TRUE,TRUE,FALSE,
EDGIS.SupportStructure,Pole Stub,DISTRICT,EDGIS.ElectricDataset,8,District,,FALSE,TRUE,TRUE,FALSE,
EDGIS.SupportStructure,Pole Stub,CITY,EDGIS.ElectricDataset,8,City,,FALSE,TRUE,TRUE,FALSE,
EDGIS.SupportStructure,Pole Stub,COUNTY,EDGIS.ElectricDataset,8,County,,FALSE,TRUE,TRUE,FALSE,
EDGIS.SupportStructure,Pole Stub,ZIP,EDGIS.ElectricDataset,8,ZIP Code,,FALSE,TRUE,TRUE,FALSE,
EDGIS.SupportStructure,Pole Stub,GPSLATITUDE,EDGIS.ElectricDataset,8,Latitude,,FALSE,TRUE,TRUE,FALSE,
EDGIS.SupportStructure,Pole Stub,GPSLONGITUDE,EDGIS.ElectricDataset,8,Longitude,,FALSE,TRUE,TRUE,FALSE,
EDGIS.SupportStructure,Pole Stub,GPSSOURCE,EDGIS.ElectricDataset,8,GPS Source,,FALSE,TRUE,TRUE,FALSE,
EDGIS.SupportStructure,Pole Stub,SOURCEACCURACY,EDGIS.ElectricDataset,8,Source Accuracy,,FALSE,TRUE,TRUE,FALSE,
EDGIS.SupportStructure,Pole Stub,SAPEQUIPID,EDGIS.ElectricDataset,8,SAP Equipment ID,,TRUE,FALSE,TRUE,FALSE,
EDGIS.SupportStructure,Pole Stub,CEDSAID,EDGIS.ElectricDataset,8,CEDSA ID,,FALSE,FALSE,TRUE,FALSE,
EDGIS.SupportStructure,Pole Stub,SYMBOLNUMBER,EDGIS.ElectricDataset,8,Symbol Number,,FALSE,FALSE,TRUE,FALSE,
EDGIS.SupportStructure,Pole Stub,SYMBOLROTATION,EDGIS.ElectricDataset,8,Symbol Rotation,,TRUE,TRUE,TRUE,FALSE,
EDGIS.SupportStructure,Pole Stub,DISTMAP,EDGIS.ElectricDataset,8,Distribution Map,,TRUE,TRUE,TRUE,FALSE,
EDGIS.SupportStructure,Pole Stub,OTHERMAP,EDGIS.ElectricDataset,8,Other Map,,FALSE,TRUE,TRUE,FALSE,
EDGIS.SupportStructure,Pole Stub,FUNCTIONALLOCATIONID,EDGIS.ElectricDataset,8,Functional Location ID,,FALSE,FALSE,TRUE,FALSE,
EDGIS.SupportStructure,Pole Stub,RETIREDATE,EDGIS.ElectricDataset,8,Retire Date,,FALSE,TRUE,TRUE,FALSE,
EDGIS.SupportStructure,Pole Stub,FOUNDATIONTYPE,EDGIS.ElectricDataset,8,Foundation Type,,FALSE,TRUE,TRUE,FALSE,
EDGIS.SupportStructure,Pole Stub,GAUGE,EDGIS.ElectricDataset,8,Gauge,,FALSE,TRUE,TRUE,FALSE,
EDGIS.SupportStructure,Pole Stub,PTTDIDC,EDGIS.ElectricDataset,8,PTTDIDC,,FALSE,TRUE,TRUE,FALSE,
EDGIS.SupportStructure,Pole Stub,STRUCTURECODE,EDGIS.ElectricDataset,8,Structure Code,,FALSE,TRUE,TRUE,FALSE,
EDGIS.SupportStructure,Pole Stub,SERIALNUMBER,EDGIS.ElectricDataset,8,Serial Number,,FALSE,TRUE,TRUE,FALSE,
EDGIS.SupportStructure,Pole Stub,LABELTEXT,EDGIS.ElectricDataset,8,Label Text,,FALSE,FALSE,TRUE,FALSE,
EDGIS.SupportStructure,Pole Stub,TEMPEQUIPID,EDGIS.ElectricDataset,8,TEMP Equipment ID,,FALSE,TRUE,TRUE,FALSE,
EDGIS.SupportStructure,Pole Stub,TECHIDENTNO,EDGIS.ElectricDataset,8,TECH Identification Number,,FALSE,TRUE,TRUE,FALSE,
EDGIS.SupportStructure,Pole Stub,CUSTAGREEMENTGUID,EDGIS.ElectricDataset,8,Customer Agreement GUID,,FALSE,FALSE,TRUE,FALSE,
EDGIS.SupportStructure,Pole Stub,DEVICEGROUPGUID,EDGIS.ElectricDataset,8,Device Group GUID,,FALSE,FALSE,TRUE,FALSE,
EDGIS.SupportStructure,Pole Stub,SMARTMETERNETWORKDEVICEOID,EDGIS.ElectricDataset,8,Smart Meter Network Device ID,n/a,FALSE,FALSE,TRUE,FALSE,
EDGIS.SupportStructure,Pole Stub,CONVERSIONID,EDGIS.ElectricDataset,8,Conversion ID,n/a,FALSE,FALSE,TRUE,FALSE,
EDGIS.SupportStructure,Pole Stub,CONVERSIONWORKPACKAGE,EDGIS.ElectricDataset,8,Conversion Work Package,n/a,FALSE,FALSE,TRUE,FALSE,
EDGIS.SupportStructure,Pole Stub,REPLACEGUID,EDGIS.ElectricDataset,8,Replace GUID,n/a,TRUE,TRUE,TRUE,FALSE,
EDGIS.SupportStructure,Pole Stub,STRUCTUREGUID,EDGIS.ElectricDataset,8,Structure GUID,n/a,FALSE,TRUE,TRUE,FALSE,
EDGIS.SupportStructure,Pole Stub,SHAPE,EDGIS.ElectricDataset,8,Shape,n/a,FALSE,TRUE,TRUE,FALSE,
EDGIS.SupportStructure,Pole Stub,GLOBALID,EDGIS.ElectricDataset,8,Global ID,n/a,TRUE,FALSE,FALSE,FALSE,
EDGIS.SupportStructure,Pole Stub,METEREDIDC,EDGIS.ElectricDataset,8,Metered Indicator,n/a,FALSE,TRUE,TRUE,TRUE,
